<font>
  <info face="xlarge_white_greenstroke_bold" size="80" bold="1" italic="0" charset="" unicode="" stretchH="100" smooth="1" aa="1" padding="2,2,2,2" spacing="0,0" outline="0"/>
  <common lineHeight="80" base="73" scaleW="1024" scaleH="512" pages="1" packed="0"/>
  <pages>
    <page id="0" file="xlarge_white_greenstroke_bold.png"/>
  </pages>
  <chars count="90">
    <char id="97" x="2" y="2" width="59" height="68" xoffset="1" yoffset="14" xadvance="55" page="0" chnl="15"/>
    <char id="98" x="2" y="72" width="57" height="68" xoffset="2" yoffset="13" xadvance="57" page="0" chnl="15"/>
    <char id="99" x="2" y="142" width="60" height="67" xoffset="3" yoffset="13" xadvance="62" page="0" chnl="15"/>
    <char id="100" x="61" y="72" width="60" height="67" xoffset="4" yoffset="13" xadvance="62" page="0" chnl="15"/>
    <char id="101" x="63" y="2" width="53" height="68" xoffset="4" yoffset="13" xadvance="55" page="0" chnl="15"/>
    <char id="102" x="118" y="2" width="52" height="66" xoffset="5" yoffset="13" xadvance="53" page="0" chnl="15"/>
    <char id="103" x="2" y="211" width="62" height="68" xoffset="3" yoffset="13" xadvance="62" page="0" chnl="15"/>
    <char id="104" x="2" y="281" width="56" height="69" xoffset="5" yoffset="12" xadvance="61" page="0" chnl="15"/>
    <char id="105" x="64" y="141" width="20" height="67" xoffset="5" yoffset="13" xadvance="24" page="0" chnl="15"/>
    <char id="106" x="2" y="352" width="46" height="68" xoffset="1" yoffset="12" xadvance="43" page="0" chnl="15"/>
    <char id="107" x="2" y="422" width="54" height="68" xoffset="6" yoffset="13" xadvance="54" page="0" chnl="15"/>
    <char id="108" x="50" y="352" width="48" height="68" xoffset="5" yoffset="13" xadvance="50" page="0" chnl="15"/>
    <char id="109" x="60" y="281" width="68" height="68" xoffset="5" yoffset="13" xadvance="72" page="0" chnl="15"/>
    <char id="110" x="66" y="210" width="56" height="68" xoffset="6" yoffset="12" xadvance="61" page="0" chnl="15"/>
    <char id="111" x="58" y="422" width="66" height="68" xoffset="2" yoffset="13" xadvance="64" page="0" chnl="15"/>
    <char id="112" x="100" y="351" width="57" height="69" xoffset="3" yoffset="13" xadvance="56" page="0" chnl="15"/>
    <char id="113" x="126" y="422" width="66" height="70" xoffset="2" yoffset="13" xadvance="65" page="0" chnl="15"/>
    <char id="114" x="123" y="70" width="57" height="68" xoffset="4" yoffset="13" xadvance="59" page="0" chnl="15"/>
    <char id="115" x="86" y="141" width="54" height="67" xoffset="3" yoffset="13" xadvance="53" page="0" chnl="15"/>
    <char id="116" x="124" y="210" width="55" height="69" xoffset="1" yoffset="11" xadvance="52" page="0" chnl="15"/>
    <char id="117" x="142" y="140" width="57" height="68" xoffset="4" yoffset="14" xadvance="59" page="0" chnl="15"/>
    <char id="118" x="130" y="281" width="57" height="67" xoffset="1" yoffset="14" xadvance="53" page="0" chnl="15"/>
    <char id="119" x="181" y="210" width="78" height="68" xoffset="2" yoffset="12" xadvance="77" page="0" chnl="15"/>
    <char id="120" x="159" y="350" width="59" height="69" xoffset="1" yoffset="13" xadvance="55" page="0" chnl="15"/>
    <char id="121" x="189" y="280" width="55" height="68" xoffset="3" yoffset="13" xadvance="54" page="0" chnl="15"/>
    <char id="122" x="172" y="2" width="54" height="66" xoffset="2" yoffset="14" xadvance="51" page="0" chnl="15"/>
    <char id="65" x="182" y="70" width="59" height="68" xoffset="1" yoffset="14" xadvance="55" page="0" chnl="15"/>
    <char id="66" x="201" y="140" width="57" height="68" xoffset="2" yoffset="13" xadvance="57" page="0" chnl="15"/>
    <char id="67" x="194" y="421" width="60" height="67" xoffset="3" yoffset="13" xadvance="62" page="0" chnl="15"/>
    <char id="68" x="220" y="350" width="60" height="67" xoffset="4" yoffset="13" xadvance="62" page="0" chnl="15"/>
    <char id="69" x="246" y="280" width="53" height="68" xoffset="4" yoffset="13" xadvance="55" page="0" chnl="15"/>
    <char id="70" x="228" y="2" width="52" height="66" xoffset="5" yoffset="13" xadvance="53" page="0" chnl="15"/>
    <char id="71" x="243" y="70" width="62" height="68" xoffset="3" yoffset="13" xadvance="62" page="0" chnl="15"/>
    <char id="72" x="256" y="419" width="56" height="69" xoffset="5" yoffset="12" xadvance="61" page="0" chnl="15"/>
    <char id="73" x="282" y="350" width="20" height="67" xoffset="5" yoffset="13" xadvance="24" page="0" chnl="15"/>
    <char id="74" x="260" y="140" width="46" height="68" xoffset="1" yoffset="12" xadvance="43" page="0" chnl="15"/>
    <char id="75" x="261" y="210" width="54" height="68" xoffset="6" yoffset="13" xadvance="54" page="0" chnl="15"/>
    <char id="76" x="301" y="280" width="48" height="68" xoffset="5" yoffset="13" xadvance="50" page="0" chnl="15"/>
    <char id="77" x="307" y="2" width="68" height="68" xoffset="4" yoffset="13" xadvance="70" page="0" chnl="15"/>
    <char id="78" x="308" y="72" width="56" height="68" xoffset="6" yoffset="12" xadvance="61" page="0" chnl="15"/>
    <char id="79" x="317" y="142" width="66" height="68" xoffset="2" yoffset="13" xadvance="64" page="0" chnl="15"/>
    <char id="80" x="377" y="2" width="57" height="69" xoffset="3" yoffset="13" xadvance="56" page="0" chnl="15"/>
    <char id="81" x="314" y="350" width="66" height="70" xoffset="2" yoffset="13" xadvance="65" page="0" chnl="15"/>
    <char id="82" x="314" y="422" width="57" height="68" xoffset="4" yoffset="13" xadvance="59" page="0" chnl="15"/>
    <char id="83" x="366" y="73" width="54" height="67" xoffset="3" yoffset="13" xadvance="53" page="0" chnl="15"/>
    <char id="84" x="373" y="422" width="55" height="69" xoffset="1" yoffset="11" xadvance="52" page="0" chnl="15"/>
    <char id="85" x="351" y="212" width="57" height="68" xoffset="4" yoffset="14" xadvance="59" page="0" chnl="15"/>
    <char id="86" x="385" y="142" width="57" height="67" xoffset="1" yoffset="14" xadvance="53" page="0" chnl="15"/>
    <char id="87" x="436" y="2" width="78" height="68" xoffset="2" yoffset="12" xadvance="77" page="0" chnl="15"/>
    <char id="88" x="382" y="282" width="59" height="69" xoffset="1" yoffset="13" xadvance="55" page="0" chnl="15"/>
    <char id="89" x="436" y="72" width="55" height="68" xoffset="3" yoffset="13" xadvance="54" page="0" chnl="15"/>
    <char id="90" x="382" y="353" width="54" height="66" xoffset="2" yoffset="14" xadvance="51" page="0" chnl="15"/>
    <char id="33" x="410" y="211" width="26" height="68" xoffset="3" yoffset="12" xadvance="24" page="0" chnl="15"/>
    <char id="8470" x="438" y="211" width="60" height="69" xoffset="5" yoffset="12" xadvance="63" page="0" chnl="15"/>
    <char id="59" x="444" y="142" width="24" height="67" xoffset="3" yoffset="26" xadvance="22" page="0" chnl="15"/>
    <char id="37" x="430" y="421" width="72" height="68" xoffset="3" yoffset="14" xadvance="72" page="0" chnl="15"/>
    <char id="58" x="282" y="2" width="23" height="55" xoffset="3" yoffset="26" xadvance="22" page="0" chnl="15"/>
    <char id="63" x="493" y="72" width="47" height="68" xoffset="3" yoffset="13" xadvance="45" page="0" chnl="15"/>
    <char id="42" x="438" y="353" width="41" height="39" xoffset="2" yoffset="12" xadvance="37" page="0" chnl="15"/>
    <char id="40" x="481" y="282" width="29" height="87" xoffset="4" yoffset="6" xadvance="28" page="0" chnl="15"/>
    <char id="41" x="500" y="142" width="29" height="87" xoffset="2" yoffset="6" xadvance="28" page="0" chnl="15"/>
    <char id="95" x="2" y="494" width="58" height="15" xoffset="-3" yoffset="78" xadvance="45" page="0" chnl="15"/>
    <char id="43" x="516" y="2" width="54" height="54" xoffset="3" yoffset="18" xadvance="52" page="0" chnl="15"/>
    <char id="45" x="317" y="212" width="32" height="20" xoffset="3" yoffset="36" xadvance="31" page="0" chnl="15"/>
    <char id="61" x="481" y="371" width="54" height="40" xoffset="3" yoffset="28" xadvance="52" page="0" chnl="15"/>
    <char id="46" x="438" y="394" width="23" height="22" xoffset="3" yoffset="59" xadvance="22" page="0" chnl="15"/>
    <char id="44" x="470" y="142" width="24" height="34" xoffset="3" yoffset="59" xadvance="22" page="0" chnl="15"/>
    <char id="47" x="504" y="413" width="41" height="77" xoffset="-2" yoffset="9" xadvance="30" page="0" chnl="15"/>
    <char id="124" x="512" y="231" width="20" height="89" xoffset="7" yoffset="3" xadvance="26" page="0" chnl="15"/>
    <char id="34" x="512" y="322" width="40" height="29" xoffset="2" yoffset="14" xadvance="36" page="0" chnl="15"/>
    <char id="39" x="470" y="178" width="22" height="29" xoffset="2" yoffset="14" xadvance="19" page="0" chnl="15"/>
    <char id="64" x="531" y="142" width="81" height="80" xoffset="7" yoffset="7" xadvance="87" page="0" chnl="15"/>
    <char id="35" x="542" y="58" width="63" height="67" xoffset="4" yoffset="12" xadvance="63" page="0" chnl="15"/>
    <char id="36" x="534" y="224" width="54" height="81" xoffset="4" yoffset="7" xadvance="54" page="0" chnl="15"/>
    <char id="94" x="572" y="2" width="44" height="42" xoffset="1" yoffset="15" xadvance="38" page="0" chnl="15"/>
    <char id="38" x="607" y="46" width="60" height="70" xoffset="3" yoffset="13" xadvance="59" page="0" chnl="15"/>
    <char id="123" x="547" y="353" width="36" height="94" xoffset="-3" yoffset="0" xadvance="27" page="0" chnl="15"/>
    <char id="125" x="585" y="307" width="36" height="94" xoffset="1" yoffset="0" xadvance="27" page="0" chnl="15"/>
    <char id="91" x="585" y="403" width="32" height="93" xoffset="4" yoffset="0" xadvance="31" page="0" chnl="15"/>
    <char id="93" x="619" y="403" width="32" height="93" xoffset="1" yoffset="0" xadvance="31" page="0" chnl="15"/>
    <char id="49" x="590" y="224" width="39" height="67" xoffset="3" yoffset="13" xadvance="38" page="0" chnl="15"/>
    <char id="50" x="614" y="118" width="52" height="66" xoffset="4" yoffset="14" xadvance="52" page="0" chnl="15"/>
    <char id="51" x="623" y="293" width="52" height="68" xoffset="2" yoffset="13" xadvance="50" page="0" chnl="15"/>
    <char id="52" x="631" y="186" width="53" height="68" xoffset="2" yoffset="13" xadvance="50" page="0" chnl="15"/>
    <char id="53" x="653" y="363" width="51" height="67" xoffset="3" yoffset="13" xadvance="50" page="0" chnl="15"/>
    <char id="54" x="653" y="432" width="53" height="68" xoffset="3" yoffset="13" xadvance="52" page="0" chnl="15"/>
    <char id="55" x="677" y="256" width="48" height="68" xoffset="0" yoffset="13" xadvance="42" page="0" chnl="15"/>
    <char id="56" x="706" y="326" width="54" height="68" xoffset="3" yoffset="13" xadvance="53" page="0" chnl="15"/>
    <char id="57" x="708" y="396" width="51" height="68" xoffset="3" yoffset="13" xadvance="50" page="0" chnl="15"/>
    <char id="48" x="761" y="396" width="56" height="68" xoffset="3" yoffset="13" xadvance="55" page="0" chnl="15"/>
    <char id="32" x="0" y="0" width="0" height="0" xoffset="3" yoffset="13" xadvance="22" page="0" chnl="15"/>
  </chars>
  <kernings count="552">
    <kerning first="65" second="65" amount="2"/>
    <kerning first="65" second="74" amount="2"/>
    <kerning first="65" second="82" amount="-2"/>
    <kerning first="65" second="84" amount="-8"/>
    <kerning first="65" second="86" amount="-4"/>
    <kerning first="65" second="87" amount="-2"/>
    <kerning first="65" second="89" amount="-6"/>
    <kerning first="65" second="90" amount="2"/>
    <kerning first="65" second="109" amount="2"/>
    <kerning first="65" second="112" amount="-3"/>
    <kerning first="65" second="114" amount="-2"/>
    <kerning first="65" second="116" amount="-8"/>
    <kerning first="65" second="117" amount="-2"/>
    <kerning first="65" second="118" amount="-4"/>
    <kerning first="65" second="119" amount="-2"/>
    <kerning first="65" second="120" amount="2"/>
    <kerning first="65" second="121" amount="-6"/>
    <kerning first="66" second="65" amount="-3"/>
    <kerning first="66" second="78" amount="-2"/>
    <kerning first="66" second="86" amount="-2"/>
    <kerning first="66" second="87" amount="-2"/>
    <kerning first="66" second="88" amount="-3"/>
    <kerning first="66" second="90" amount="-2"/>
    <kerning first="66" second="97" amount="-3"/>
    <kerning first="66" second="118" amount="-2"/>
    <kerning first="66" second="119" amount="-2"/>
    <kerning first="66" second="120" amount="-3"/>
    <kerning first="67" second="97" amount="-5"/>
    <kerning first="67" second="101" amount="-1"/>
    <kerning first="67" second="113" amount="-3"/>
    <kerning first="67" second="117" amount="-1"/>
    <kerning first="68" second="65" amount="-4"/>
    <kerning first="68" second="74" amount="-2"/>
    <kerning first="68" second="81" amount="2"/>
    <kerning first="68" second="82" amount="-2"/>
    <kerning first="68" second="88" amount="-5"/>
    <kerning first="68" second="90" amount="-3"/>
    <kerning first="68" second="97" amount="-3"/>
    <kerning first="68" second="106" amount="-2"/>
    <kerning first="68" second="114" amount="-2"/>
    <kerning first="68" second="120" amount="-5"/>
    <kerning first="68" second="122" amount="-3"/>
    <kerning first="70" second="44" amount="-13"/>
    <kerning first="70" second="46" amount="-13"/>
    <kerning first="70" second="65" amount="-5"/>
    <kerning first="70" second="69" amount="-2"/>
    <kerning first="70" second="74" amount="-6"/>
    <kerning first="70" second="82" amount="-2"/>
    <kerning first="70" second="97" amount="-5"/>
    <kerning first="70" second="101" amount="-2"/>
    <kerning first="70" second="106" amount="-6"/>
    <kerning first="70" second="111" amount="-1"/>
    <kerning first="70" second="114" amount="-2"/>
    <kerning first="71" second="46" amount="-2"/>
    <kerning first="71" second="81" amount="2"/>
    <kerning first="71" second="82" amount="-2"/>
    <kerning first="71" second="88" amount="-2"/>
    <kerning first="71" second="114" amount="-2"/>
    <kerning first="71" second="120" amount="-2"/>
    <kerning first="74" second="44" amount="-2"/>
    <kerning first="74" second="46" amount="-2"/>
    <kerning first="74" second="65" amount="-1"/>
    <kerning first="74" second="79" amount="2"/>
    <kerning first="75" second="65" amount="2"/>
    <kerning first="75" second="67" amount="-2"/>
    <kerning first="75" second="79" amount="-2"/>
    <kerning first="75" second="85" amount="-1"/>
    <kerning first="75" second="97" amount="2"/>
    <kerning first="75" second="99" amount="-2"/>
    <kerning first="75" second="111" amount="-2"/>
    <kerning first="75" second="117" amount="-1"/>
    <kerning first="76" second="66" amount="-2"/>
    <kerning first="76" second="67" amount="-2"/>
    <kerning first="76" second="68" amount="-3"/>
    <kerning first="76" second="69" amount="-4"/>
    <kerning first="76" second="70" amount="-2"/>
    <kerning first="76" second="71" amount="-2"/>
    <kerning first="76" second="75" amount="-4"/>
    <kerning first="76" second="79" amount="-2"/>
    <kerning first="76" second="81" amount="-2"/>
    <kerning first="76" second="82" amount="-5"/>
    <kerning first="76" second="84" amount="-8"/>
    <kerning first="76" second="85" amount="-4"/>
    <kerning first="76" second="86" amount="-6"/>
    <kerning first="76" second="87" amount="-8"/>
    <kerning first="76" second="89" amount="-7"/>
    <kerning first="76" second="98" amount="-2"/>
    <kerning first="76" second="99" amount="-2"/>
    <kerning first="76" second="100" amount="-3"/>
    <kerning first="76" second="101" amount="-4"/>
    <kerning first="76" second="102" amount="-2"/>
    <kerning first="76" second="103" amount="-2"/>
    <kerning first="76" second="107" amount="-4"/>
    <kerning first="76" second="111" amount="-4"/>
    <kerning first="76" second="113" amount="-2"/>
    <kerning first="76" second="114" amount="-5"/>
    <kerning first="76" second="116" amount="-8"/>
    <kerning first="76" second="117" amount="-4"/>
    <kerning first="76" second="118" amount="-6"/>
    <kerning first="76" second="119" amount="-8"/>
    <kerning first="76" second="121" amount="-7"/>
    <kerning first="77" second="112" amount="-2"/>
    <kerning first="79" second="44" amount="-2"/>
    <kerning first="79" second="46" amount="-2"/>
    <kerning first="79" second="67" amount="2"/>
    <kerning first="79" second="71" amount="2"/>
    <kerning first="79" second="79" amount="2"/>
    <kerning first="79" second="81" amount="2"/>
    <kerning first="79" second="84" amount="-2"/>
    <kerning first="79" second="88" amount="-2"/>
    <kerning first="79" second="90" amount="-2"/>
    <kerning first="79" second="111" amount="2"/>
    <kerning first="79" second="116" amount="-2"/>
    <kerning first="79" second="120" amount="-2"/>
    <kerning first="79" second="122" amount="-4"/>
    <kerning first="80" second="44" amount="-14"/>
    <kerning first="80" second="46" amount="-14"/>
    <kerning first="80" second="65" amount="-8"/>
    <kerning first="80" second="71" amount="-2"/>
    <kerning first="80" second="74" amount="-10"/>
    <kerning first="80" second="76" amount="-1"/>
    <kerning first="80" second="88" amount="-2"/>
    <kerning first="80" second="97" amount="-8"/>
    <kerning first="80" second="103" amount="-2"/>
    <kerning first="80" second="106" amount="-10"/>
    <kerning first="80" second="108" amount="-1"/>
    <kerning first="80" second="120" amount="-2"/>
    <kerning first="81" second="71" amount="2"/>
    <kerning first="81" second="79" amount="2"/>
    <kerning first="81" second="84" amount="-2"/>
    <kerning first="81" second="85" amount="2"/>
    <kerning first="81" second="116" amount="-2"/>
    <kerning first="82" second="65" amount="2"/>
    <kerning first="82" second="67" amount="-2"/>
    <kerning first="83" second="84" amount="-2"/>
    <kerning first="83" second="86" amount="-2"/>
    <kerning first="83" second="87" amount="-2"/>
    <kerning first="83" second="107" amount="1"/>
    <kerning first="83" second="111" amount="3"/>
    <kerning first="83" second="116" amount="-2"/>
    <kerning first="83" second="117" amount="2"/>
    <kerning first="83" second="118" amount="-2"/>
    <kerning first="83" second="119" amount="-2"/>
    <kerning first="84" second="44" amount="-8"/>
    <kerning first="84" second="45" amount="-10"/>
    <kerning first="84" second="46" amount="-9"/>
    <kerning first="84" second="58" amount="-9"/>
    <kerning first="84" second="59" amount="-9"/>
    <kerning first="84" second="65" amount="-8"/>
    <kerning first="84" second="67" amount="-6"/>
    <kerning first="84" second="68" amount="-2"/>
    <kerning first="84" second="69" amount="-2"/>
    <kerning first="84" second="71" amount="-5"/>
    <kerning first="84" second="72" amount="-2"/>
    <kerning first="84" second="73" amount="-2"/>
    <kerning first="84" second="74" amount="-8"/>
    <kerning first="84" second="76" amount="-2"/>
    <kerning first="84" second="77" amount="-4"/>
    <kerning first="84" second="78" amount="-2"/>
    <kerning first="84" second="79" amount="-6"/>
    <kerning first="84" second="80" amount="-2"/>
    <kerning first="84" second="81" amount="-5"/>
    <kerning first="84" second="82" amount="-3"/>
    <kerning first="84" second="83" amount="-2"/>
    <kerning first="84" second="85" amount="-2"/>
    <kerning first="84" second="89" amount="-2"/>
    <kerning first="84" second="90" amount="-3"/>
    <kerning first="84" second="97" amount="-8"/>
    <kerning first="84" second="99" amount="-6"/>
    <kerning first="84" second="100" amount="-2"/>
    <kerning first="84" second="101" amount="-2"/>
    <kerning first="84" second="103" amount="-5"/>
    <kerning first="84" second="104" amount="-2"/>
    <kerning first="84" second="105" amount="-2"/>
    <kerning first="84" second="106" amount="-8"/>
    <kerning first="84" second="108" amount="-2"/>
    <kerning first="84" second="109" amount="-4"/>
    <kerning first="84" second="110" amount="-2"/>
    <kerning first="84" second="111" amount="-6"/>
    <kerning first="84" second="112" amount="-2"/>
    <kerning first="84" second="113" amount="-5"/>
    <kerning first="84" second="114" amount="-3"/>
    <kerning first="84" second="115" amount="-2"/>
    <kerning first="84" second="117" amount="-3"/>
    <kerning first="84" second="119" amount="-1"/>
    <kerning first="84" second="121" amount="-2"/>
    <kerning first="84" second="122" amount="-3"/>
    <kerning first="85" second="46" amount="-2"/>
    <kerning first="85" second="65" amount="-3"/>
    <kerning first="85" second="74" amount="-2"/>
    <kerning first="85" second="97" amount="-3"/>
    <kerning first="85" second="106" amount="-2"/>
    <kerning first="86" second="44" amount="-8"/>
    <kerning first="86" second="45" amount="-4"/>
    <kerning first="86" second="46" amount="-10"/>
    <kerning first="86" second="58" amount="-4"/>
    <kerning first="86" second="59" amount="-4"/>
    <kerning first="86" second="65" amount="-4"/>
    <kerning first="86" second="67" amount="-2"/>
    <kerning first="86" second="71" amount="-2"/>
    <kerning first="86" second="74" amount="-6"/>
    <kerning first="86" second="76" amount="-2"/>
    <kerning first="86" second="77" amount="-3"/>
    <kerning first="86" second="79" amount="-2"/>
    <kerning first="86" second="82" amount="-3"/>
    <kerning first="86" second="85" amount="-2"/>
    <kerning first="86" second="88" amount="-2"/>
    <kerning first="86" second="97" amount="-4"/>
    <kerning first="86" second="99" amount="-2"/>
    <kerning first="86" second="101" amount="-3"/>
    <kerning first="86" second="103" amount="-2"/>
    <kerning first="86" second="105" amount="-1"/>
    <kerning first="86" second="106" amount="-6"/>
    <kerning first="86" second="109" amount="-3"/>
    <kerning first="86" second="111" amount="-2"/>
    <kerning first="86" second="114" amount="-3"/>
    <kerning first="86" second="117" amount="-2"/>
    <kerning first="86" second="120" amount="-2"/>
    <kerning first="86" second="121" amount="-1"/>
    <kerning first="87" second="44" amount="-6"/>
    <kerning first="87" second="46" amount="-6"/>
    <kerning first="87" second="58" amount="-1"/>
    <kerning first="87" second="59" amount="-1"/>
    <kerning first="87" second="65" amount="-2"/>
    <kerning first="87" second="67" amount="-2"/>
    <kerning first="87" second="68" amount="-2"/>
    <kerning first="87" second="71" amount="-2"/>
    <kerning first="87" second="74" amount="-2"/>
    <kerning first="87" second="77" amount="-2"/>
    <kerning first="87" second="82" amount="-2"/>
    <kerning first="87" second="97" amount="-2"/>
    <kerning first="87" second="99" amount="-2"/>
    <kerning first="87" second="100" amount="-2"/>
    <kerning first="87" second="101" amount="-2"/>
    <kerning first="87" second="103" amount="-2"/>
    <kerning first="87" second="106" amount="-2"/>
    <kerning first="87" second="109" amount="-2"/>
    <kerning first="87" second="111" amount="-1"/>
    <kerning first="87" second="114" amount="-2"/>
    <kerning first="87" second="117" amount="-1"/>
    <kerning first="88" second="65" amount="2"/>
    <kerning first="88" second="67" amount="-3"/>
    <kerning first="88" second="79" amount="-2"/>
    <kerning first="88" second="81" amount="-2"/>
    <kerning first="88" second="82" amount="-3"/>
    <kerning first="88" second="85" amount="-2"/>
    <kerning first="88" second="89" amount="-2"/>
    <kerning first="88" second="99" amount="-3"/>
    <kerning first="88" second="111" amount="-2"/>
    <kerning first="88" second="113" amount="-2"/>
    <kerning first="88" second="114" amount="-3"/>
    <kerning first="88" second="117" amount="-2"/>
    <kerning first="88" second="121" amount="-2"/>
    <kerning first="89" second="44" amount="-11"/>
    <kerning first="89" second="45" amount="-9"/>
    <kerning first="89" second="46" amount="-11"/>
    <kerning first="89" second="58" amount="-7"/>
    <kerning first="89" second="59" amount="-7"/>
    <kerning first="89" second="65" amount="-6"/>
    <kerning first="89" second="66" amount="-3"/>
    <kerning first="89" second="68" amount="-2"/>
    <kerning first="89" second="71" amount="-2"/>
    <kerning first="89" second="74" amount="-6"/>
    <kerning first="89" second="77" amount="-2"/>
    <kerning first="89" second="82" amount="-2"/>
    <kerning first="89" second="97" amount="-6"/>
    <kerning first="89" second="98" amount="-3"/>
    <kerning first="89" second="100" amount="-2"/>
    <kerning first="89" second="101" amount="-2"/>
    <kerning first="89" second="103" amount="-2"/>
    <kerning first="89" second="105" amount="-3"/>
    <kerning first="89" second="106" amount="-6"/>
    <kerning first="89" second="109" amount="-2"/>
    <kerning first="89" second="111" amount="-2"/>
    <kerning first="89" second="112" amount="-6"/>
    <kerning first="89" second="113" amount="-7"/>
    <kerning first="89" second="114" amount="-2"/>
    <kerning first="89" second="118" amount="2"/>
    <kerning first="89" second="122" amount="-3"/>
    <kerning first="90" second="65" amount="2"/>
    <kerning first="90" second="71" amount="-2"/>
    <kerning first="90" second="79" amount="-2"/>
    <kerning first="90" second="103" amount="-2"/>
    <kerning first="90" second="111" amount="-2"/>
    <kerning first="97" second="65" amount="2"/>
    <kerning first="97" second="82" amount="-2"/>
    <kerning first="97" second="84" amount="-8"/>
    <kerning first="97" second="86" amount="-4"/>
    <kerning first="97" second="87" amount="-2"/>
    <kerning first="97" second="89" amount="-4"/>
    <kerning first="97" second="97" amount="2"/>
    <kerning first="97" second="106" amount="2"/>
    <kerning first="97" second="112" amount="-3"/>
    <kerning first="97" second="114" amount="-2"/>
    <kerning first="97" second="116" amount="-8"/>
    <kerning first="97" second="117" amount="-2"/>
    <kerning first="97" second="118" amount="-4"/>
    <kerning first="97" second="119" amount="-2"/>
    <kerning first="97" second="120" amount="2"/>
    <kerning first="97" second="121" amount="-4"/>
    <kerning first="97" second="122" amount="2"/>
    <kerning first="98" second="65" amount="-3"/>
    <kerning first="98" second="86" amount="-2"/>
    <kerning first="98" second="87" amount="-2"/>
    <kerning first="98" second="88" amount="-3"/>
    <kerning first="98" second="97" amount="-3"/>
    <kerning first="98" second="110" amount="-2"/>
    <kerning first="98" second="118" amount="-2"/>
    <kerning first="98" second="119" amount="-2"/>
    <kerning first="98" second="120" amount="-3"/>
    <kerning first="98" second="122" amount="-2"/>
    <kerning first="99" second="101" amount="-1"/>
    <kerning first="99" second="111" amount="-2"/>
    <kerning first="99" second="113" amount="-3"/>
    <kerning first="99" second="117" amount="-1"/>
    <kerning first="100" second="65" amount="-3"/>
    <kerning first="100" second="74" amount="-2"/>
    <kerning first="100" second="82" amount="-2"/>
    <kerning first="100" second="88" amount="-5"/>
    <kerning first="100" second="90" amount="-3"/>
    <kerning first="100" second="97" amount="-4"/>
    <kerning first="100" second="106" amount="-2"/>
    <kerning first="100" second="108" amount="-1"/>
    <kerning first="100" second="113" amount="2"/>
    <kerning first="100" second="114" amount="-2"/>
    <kerning first="100" second="120" amount="-5"/>
    <kerning first="100" second="122" amount="-3"/>
    <kerning first="102" second="44" amount="-13"/>
    <kerning first="102" second="46" amount="-13"/>
    <kerning first="102" second="65" amount="-5"/>
    <kerning first="102" second="69" amount="-2"/>
    <kerning first="102" second="74" amount="-6"/>
    <kerning first="102" second="82" amount="-2"/>
    <kerning first="102" second="97" amount="-5"/>
    <kerning first="102" second="101" amount="-2"/>
    <kerning first="102" second="106" amount="-6"/>
    <kerning first="102" second="111" amount="-1"/>
    <kerning first="102" second="114" amount="-2"/>
    <kerning first="103" second="46" amount="-2"/>
    <kerning first="103" second="82" amount="-2"/>
    <kerning first="103" second="88" amount="-2"/>
    <kerning first="103" second="100" amount="-2"/>
    <kerning first="103" second="114" amount="-2"/>
    <kerning first="103" second="120" amount="-2"/>
    <kerning first="106" second="44" amount="-2"/>
    <kerning first="106" second="46" amount="-2"/>
    <kerning first="106" second="97" amount="-1"/>
    <kerning first="106" second="111" amount="2"/>
    <kerning first="107" second="67" amount="-2"/>
    <kerning first="107" second="79" amount="-2"/>
    <kerning first="107" second="85" amount="-1"/>
    <kerning first="107" second="97" amount="2"/>
    <kerning first="107" second="99" amount="-2"/>
    <kerning first="107" second="111" amount="-2"/>
    <kerning first="107" second="117" amount="-1"/>
    <kerning first="108" second="66" amount="-2"/>
    <kerning first="108" second="67" amount="-2"/>
    <kerning first="108" second="68" amount="-3"/>
    <kerning first="108" second="69" amount="-4"/>
    <kerning first="108" second="70" amount="-2"/>
    <kerning first="108" second="71" amount="-2"/>
    <kerning first="108" second="75" amount="-4"/>
    <kerning first="108" second="81" amount="-2"/>
    <kerning first="108" second="82" amount="-5"/>
    <kerning first="108" second="84" amount="-8"/>
    <kerning first="108" second="85" amount="-4"/>
    <kerning first="108" second="86" amount="-6"/>
    <kerning first="108" second="87" amount="-8"/>
    <kerning first="108" second="89" amount="-7"/>
    <kerning first="108" second="98" amount="-2"/>
    <kerning first="108" second="99" amount="-2"/>
    <kerning first="108" second="100" amount="-3"/>
    <kerning first="108" second="101" amount="-4"/>
    <kerning first="108" second="102" amount="-2"/>
    <kerning first="108" second="103" amount="-2"/>
    <kerning first="108" second="107" amount="-4"/>
    <kerning first="108" second="110" amount="-2"/>
    <kerning first="108" second="111" amount="-2"/>
    <kerning first="108" second="113" amount="-2"/>
    <kerning first="108" second="114" amount="-5"/>
    <kerning first="108" second="116" amount="-8"/>
    <kerning first="108" second="117" amount="-4"/>
    <kerning first="108" second="118" amount="-6"/>
    <kerning first="108" second="119" amount="-8"/>
    <kerning first="108" second="121" amount="-7"/>
    <kerning first="109" second="65" amount="2"/>
    <kerning first="111" second="44" amount="-2"/>
    <kerning first="111" second="46" amount="-2"/>
    <kerning first="111" second="84" amount="-2"/>
    <kerning first="111" second="88" amount="-2"/>
    <kerning first="111" second="90" amount="-2"/>
    <kerning first="111" second="111" amount="2"/>
    <kerning first="111" second="113" amount="2"/>
    <kerning first="111" second="116" amount="-2"/>
    <kerning first="111" second="120" amount="-2"/>
    <kerning first="111" second="122" amount="-2"/>
    <kerning first="112" second="44" amount="-14"/>
    <kerning first="112" second="46" amount="-14"/>
    <kerning first="112" second="65" amount="-8"/>
    <kerning first="112" second="71" amount="-2"/>
    <kerning first="112" second="74" amount="-10"/>
    <kerning first="112" second="76" amount="-1"/>
    <kerning first="112" second="88" amount="-2"/>
    <kerning first="112" second="97" amount="-8"/>
    <kerning first="112" second="103" amount="-2"/>
    <kerning first="112" second="106" amount="-10"/>
    <kerning first="112" second="108" amount="-1"/>
    <kerning first="112" second="120" amount="-2"/>
    <kerning first="113" second="84" amount="-2"/>
    <kerning first="113" second="111" amount="2"/>
    <kerning first="113" second="116" amount="-2"/>
    <kerning first="113" second="117" amount="2"/>
    <kerning first="114" second="97" amount="2"/>
    <kerning first="114" second="99" amount="-2"/>
    <kerning first="115" second="86" amount="-2"/>
    <kerning first="115" second="87" amount="-2"/>
    <kerning first="115" second="107" amount="1"/>
    <kerning first="115" second="111" amount="3"/>
    <kerning first="115" second="116" amount="-2"/>
    <kerning first="115" second="118" amount="-2"/>
    <kerning first="115" second="119" amount="-2"/>
    <kerning first="116" second="44" amount="-8"/>
    <kerning first="116" second="45" amount="-10"/>
    <kerning first="116" second="46" amount="-9"/>
    <kerning first="116" second="58" amount="-9"/>
    <kerning first="116" second="59" amount="-9"/>
    <kerning first="116" second="65" amount="-8"/>
    <kerning first="116" second="67" amount="-6"/>
    <kerning first="116" second="68" amount="-2"/>
    <kerning first="116" second="69" amount="-2"/>
    <kerning first="116" second="71" amount="-5"/>
    <kerning first="116" second="72" amount="-2"/>
    <kerning first="116" second="74" amount="-8"/>
    <kerning first="116" second="76" amount="-2"/>
    <kerning first="116" second="77" amount="-4"/>
    <kerning first="116" second="78" amount="-2"/>
    <kerning first="116" second="79" amount="-6"/>
    <kerning first="116" second="80" amount="-2"/>
    <kerning first="116" second="81" amount="-5"/>
    <kerning first="116" second="82" amount="-3"/>
    <kerning first="116" second="83" amount="-2"/>
    <kerning first="116" second="89" amount="-2"/>
    <kerning first="116" second="90" amount="-3"/>
    <kerning first="116" second="97" amount="-8"/>
    <kerning first="116" second="99" amount="-6"/>
    <kerning first="116" second="100" amount="-2"/>
    <kerning first="116" second="101" amount="-2"/>
    <kerning first="116" second="103" amount="-5"/>
    <kerning first="116" second="104" amount="-2"/>
    <kerning first="116" second="106" amount="-8"/>
    <kerning first="116" second="108" amount="-2"/>
    <kerning first="116" second="109" amount="-4"/>
    <kerning first="116" second="110" amount="-2"/>
    <kerning first="116" second="111" amount="-6"/>
    <kerning first="116" second="112" amount="-2"/>
    <kerning first="116" second="113" amount="-5"/>
    <kerning first="116" second="114" amount="-3"/>
    <kerning first="116" second="115" amount="-2"/>
    <kerning first="116" second="117" amount="-2"/>
    <kerning first="116" second="119" amount="-1"/>
    <kerning first="116" second="121" amount="-2"/>
    <kerning first="116" second="122" amount="-3"/>
    <kerning first="117" second="46" amount="-2"/>
    <kerning first="117" second="65" amount="-3"/>
    <kerning first="117" second="74" amount="-2"/>
    <kerning first="117" second="97" amount="-3"/>
    <kerning first="117" second="103" amount="3"/>
    <kerning first="117" second="106" amount="-2"/>
    <kerning first="118" second="44" amount="-8"/>
    <kerning first="118" second="45" amount="-4"/>
    <kerning first="118" second="46" amount="-10"/>
    <kerning first="118" second="58" amount="-4"/>
    <kerning first="118" second="59" amount="-4"/>
    <kerning first="118" second="65" amount="-4"/>
    <kerning first="118" second="67" amount="-2"/>
    <kerning first="118" second="69" amount="-3"/>
    <kerning first="118" second="71" amount="-2"/>
    <kerning first="118" second="74" amount="-6"/>
    <kerning first="118" second="77" amount="-3"/>
    <kerning first="118" second="79" amount="-2"/>
    <kerning first="118" second="82" amount="-3"/>
    <kerning first="118" second="85" amount="-2"/>
    <kerning first="118" second="88" amount="-2"/>
    <kerning first="118" second="97" amount="-4"/>
    <kerning first="118" second="99" amount="-2"/>
    <kerning first="118" second="103" amount="-2"/>
    <kerning first="118" second="105" amount="-1"/>
    <kerning first="118" second="106" amount="-6"/>
    <kerning first="118" second="108" amount="-2"/>
    <kerning first="118" second="109" amount="-3"/>
    <kerning first="118" second="111" amount="-2"/>
    <kerning first="118" second="114" amount="-2"/>
    <kerning first="118" second="117" amount="-2"/>
    <kerning first="118" second="120" amount="-2"/>
    <kerning first="119" second="44" amount="-6"/>
    <kerning first="119" second="46" amount="-6"/>
    <kerning first="119" second="58" amount="-1"/>
    <kerning first="119" second="59" amount="-1"/>
    <kerning first="119" second="65" amount="-2"/>
    <kerning first="119" second="67" amount="-2"/>
    <kerning first="119" second="68" amount="-2"/>
    <kerning first="119" second="71" amount="-2"/>
    <kerning first="119" second="74" amount="-2"/>
    <kerning first="119" second="77" amount="-2"/>
    <kerning first="119" second="82" amount="-2"/>
    <kerning first="119" second="97" amount="-2"/>
    <kerning first="119" second="99" amount="-2"/>
    <kerning first="119" second="100" amount="-2"/>
    <kerning first="119" second="103" amount="-2"/>
    <kerning first="119" second="106" amount="-2"/>
    <kerning first="119" second="109" amount="-2"/>
    <kerning first="119" second="111" amount="-1"/>
    <kerning first="119" second="114" amount="-2"/>
    <kerning first="119" second="117" amount="-1"/>
    <kerning first="120" second="67" amount="-3"/>
    <kerning first="120" second="79" amount="-2"/>
    <kerning first="120" second="81" amount="-2"/>
    <kerning first="120" second="82" amount="-3"/>
    <kerning first="120" second="89" amount="-2"/>
    <kerning first="120" second="99" amount="-3"/>
    <kerning first="120" second="111" amount="-2"/>
    <kerning first="120" second="113" amount="-2"/>
    <kerning first="120" second="114" amount="-3"/>
    <kerning first="120" second="121" amount="-2"/>
    <kerning first="121" second="44" amount="-11"/>
    <kerning first="121" second="45" amount="-9"/>
    <kerning first="121" second="46" amount="-11"/>
    <kerning first="121" second="58" amount="-7"/>
    <kerning first="121" second="59" amount="-7"/>
    <kerning first="121" second="65" amount="-6"/>
    <kerning first="121" second="66" amount="-3"/>
    <kerning first="121" second="68" amount="-2"/>
    <kerning first="121" second="71" amount="-2"/>
    <kerning first="121" second="74" amount="-6"/>
    <kerning first="121" second="77" amount="-2"/>
    <kerning first="121" second="82" amount="-2"/>
    <kerning first="121" second="97" amount="-6"/>
    <kerning first="121" second="98" amount="-3"/>
    <kerning first="121" second="100" amount="-2"/>
    <kerning first="121" second="103" amount="-2"/>
    <kerning first="121" second="105" amount="-3"/>
    <kerning first="121" second="106" amount="-6"/>
    <kerning first="121" second="109" amount="-2"/>
    <kerning first="121" second="111" amount="-2"/>
    <kerning first="121" second="112" amount="-6"/>
    <kerning first="121" second="113" amount="-7"/>
    <kerning first="121" second="114" amount="-2"/>
    <kerning first="121" second="118" amount="2"/>
    <kerning first="122" second="97" amount="2"/>
    <kerning first="122" second="103" amount="-2"/>
    <kerning first="122" second="111" amount="-2"/>
    <kerning first="122" second="118" amount="2"/>
  </kernings>
</font>