<font>
  <info face="small_brown_regular" size="50" bold="0" italic="0" charset="" unicode="" stretchH="100" smooth="1" aa="1" padding="2,2,2,2" spacing="0,0" outline="0"/>
  <common lineHeight="50" base="44" scaleW="512" scaleH="512" pages="1" packed="0"/>
  <pages>
    <page id="0" file="small_brown_regular.png"/>
  </pages>
  <chars count="90">
    <char id="97" x="2" y="2" width="32" height="38" xoffset="1" yoffset="7" xadvance="34" page="0" chnl="15"/>
    <char id="98" x="2" y="42" width="31" height="38" xoffset="2" yoffset="6" xadvance="35" page="0" chnl="15"/>
    <char id="99" x="2" y="82" width="33" height="38" xoffset="3" yoffset="7" xadvance="38" page="0" chnl="15"/>
    <char id="100" x="35" y="42" width="33" height="38" xoffset="3" yoffset="6" xadvance="38" page="0" chnl="15"/>
    <char id="101" x="36" y="2" width="28" height="38" xoffset="3" yoffset="7" xadvance="34" page="0" chnl="15"/>
    <char id="102" x="66" y="2" width="28" height="37" xoffset="4" yoffset="7" xadvance="32" page="0" chnl="15"/>
    <char id="103" x="2" y="122" width="34" height="38" xoffset="2" yoffset="6" xadvance="38" page="0" chnl="15"/>
    <char id="104" x="2" y="162" width="30" height="39" xoffset="4" yoffset="6" xadvance="38" page="0" chnl="15"/>
    <char id="105" x="37" y="82" width="6" height="38" xoffset="4" yoffset="6" xadvance="14" page="0" chnl="15"/>
    <char id="106" x="2" y="203" width="23" height="38" xoffset="1" yoffset="6" xadvance="27" page="0" chnl="15"/>
    <char id="107" x="2" y="243" width="29" height="38" xoffset="4" yoffset="6" xadvance="33" page="0" chnl="15"/>
    <char id="108" x="2" y="283" width="25" height="39" xoffset="4" yoffset="6" xadvance="31" page="0" chnl="15"/>
    <char id="109" x="2" y="324" width="39" height="39" xoffset="3" yoffset="6" xadvance="44" page="0" chnl="15"/>
    <char id="110" x="27" y="203" width="30" height="38" xoffset="4" yoffset="6" xadvance="38" page="0" chnl="15"/>
    <char id="111" x="34" y="162" width="37" height="38" xoffset="2" yoffset="6" xadvance="40" page="0" chnl="15"/>
    <char id="112" x="29" y="283" width="31" height="39" xoffset="3" yoffset="6" xadvance="35" page="0" chnl="15"/>
    <char id="113" x="45" y="82" width="37" height="39" xoffset="2" yoffset="6" xadvance="40" page="0" chnl="15"/>
    <char id="114" x="70" y="41" width="31" height="39" xoffset="4" yoffset="6" xadvance="36" page="0" chnl="15"/>
    <char id="115" x="33" y="243" width="29" height="38" xoffset="2" yoffset="7" xadvance="33" page="0" chnl="15"/>
    <char id="116" x="59" y="202" width="29" height="39" xoffset="1" yoffset="5" xadvance="32" page="0" chnl="15"/>
    <char id="117" x="73" y="123" width="31" height="38" xoffset="3" yoffset="7" xadvance="36" page="0" chnl="15"/>
    <char id="118" x="84" y="82" width="31" height="38" xoffset="1" yoffset="7" xadvance="33" page="0" chnl="15"/>
    <char id="119" x="103" y="2" width="45" height="39" xoffset="2" yoffset="6" xadvance="48" page="0" chnl="15"/>
    <char id="120" x="2" y="365" width="32" height="39" xoffset="1" yoffset="6" xadvance="34" page="0" chnl="15"/>
    <char id="121" x="2" y="406" width="30" height="38" xoffset="2" yoffset="6" xadvance="33" page="0" chnl="15"/>
    <char id="122" x="38" y="123" width="29" height="37" xoffset="2" yoffset="7" xadvance="32" page="0" chnl="15"/>
    <char id="65" x="2" y="446" width="32" height="38" xoffset="1" yoffset="7" xadvance="34" page="0" chnl="15"/>
    <char id="66" x="34" y="406" width="31" height="38" xoffset="2" yoffset="6" xadvance="35" page="0" chnl="15"/>
    <char id="67" x="36" y="365" width="33" height="38" xoffset="3" yoffset="7" xadvance="38" page="0" chnl="15"/>
    <char id="68" x="43" y="324" width="33" height="38" xoffset="3" yoffset="6" xadvance="38" page="0" chnl="15"/>
    <char id="69" x="62" y="283" width="28" height="38" xoffset="3" yoffset="7" xadvance="34" page="0" chnl="15"/>
    <char id="70" x="103" y="43" width="28" height="37" xoffset="4" yoffset="7" xadvance="32" page="0" chnl="15"/>
    <char id="71" x="64" y="243" width="34" height="38" xoffset="2" yoffset="6" xadvance="38" page="0" chnl="15"/>
    <char id="72" x="36" y="446" width="30" height="39" xoffset="4" yoffset="6" xadvance="38" page="0" chnl="15"/>
    <char id="73" x="67" y="405" width="6" height="38" xoffset="4" yoffset="6" xadvance="14" page="0" chnl="15"/>
    <char id="74" x="71" y="364" width="23" height="38" xoffset="1" yoffset="6" xadvance="27" page="0" chnl="15"/>
    <char id="75" x="78" y="323" width="29" height="38" xoffset="4" yoffset="6" xadvance="33" page="0" chnl="15"/>
    <char id="76" x="68" y="445" width="25" height="39" xoffset="4" yoffset="6" xadvance="31" page="0" chnl="15"/>
    <char id="77" x="75" y="404" width="39" height="39" xoffset="3" yoffset="6" xadvance="44" page="0" chnl="15"/>
    <char id="78" x="92" y="283" width="30" height="38" xoffset="4" yoffset="6" xadvance="38" page="0" chnl="15"/>
    <char id="79" x="96" y="363" width="37" height="38" xoffset="2" yoffset="6" xadvance="40" page="0" chnl="15"/>
    <char id="80" x="95" y="445" width="31" height="39" xoffset="3" yoffset="6" xadvance="35" page="0" chnl="15"/>
    <char id="81" x="116" y="403" width="37" height="39" xoffset="2" yoffset="6" xadvance="40" page="0" chnl="15"/>
    <char id="82" x="128" y="444" width="31" height="39" xoffset="4" yoffset="6" xadvance="36" page="0" chnl="15"/>
    <char id="83" x="109" y="323" width="29" height="38" xoffset="2" yoffset="7" xadvance="33" page="0" chnl="15"/>
    <char id="84" x="90" y="163" width="29" height="39" xoffset="1" yoffset="5" xadvance="32" page="0" chnl="15"/>
    <char id="85" x="135" y="363" width="31" height="38" xoffset="3" yoffset="7" xadvance="36" page="0" chnl="15"/>
    <char id="86" x="155" y="403" width="31" height="38" xoffset="1" yoffset="7" xadvance="33" page="0" chnl="15"/>
    <char id="87" x="106" y="122" width="45" height="39" xoffset="2" yoffset="6" xadvance="48" page="0" chnl="15"/>
    <char id="88" x="161" y="443" width="32" height="39" xoffset="1" yoffset="6" xadvance="34" page="0" chnl="15"/>
    <char id="89" x="117" y="82" width="30" height="38" xoffset="2" yoffset="6" xadvance="33" page="0" chnl="15"/>
    <char id="90" x="133" y="43" width="29" height="37" xoffset="2" yoffset="7" xadvance="32" page="0" chnl="15"/>
    <char id="33" x="150" y="2" width="10" height="39" xoffset="3" yoffset="6" xadvance="15" page="0" chnl="15"/>
    <char id="8470" x="162" y="2" width="33" height="39" xoffset="3" yoffset="6" xadvance="39" page="0" chnl="15"/>
    <char id="59" x="73" y="163" width="8" height="34" xoffset="3" yoffset="17" xadvance="13" page="0" chnl="15"/>
    <char id="37" x="149" y="82" width="41" height="38" xoffset="2" yoffset="7" xadvance="44" page="0" chnl="15"/>
    <char id="58" x="164" y="43" width="8" height="28" xoffset="3" yoffset="17" xadvance="13" page="0" chnl="15"/>
    <char id="63" x="174" y="43" width="25" height="37" xoffset="3" yoffset="7" xadvance="30" page="0" chnl="15"/>
    <char id="42" x="2" y="487" width="19" height="17" xoffset="3" yoffset="6" xadvance="24" page="0" chnl="15"/>
    <char id="40" x="100" y="204" width="12" height="50" xoffset="2" yoffset="2" xadvance="17" page="0" chnl="15"/>
    <char id="41" x="114" y="204" width="12" height="50" xoffset="3" yoffset="2" xadvance="17" page="0" chnl="15"/>
    <char id="95" x="2" y="506" width="32" height="4" xoffset="-2" yoffset="47" xadvance="28" page="0" chnl="15"/>
    <char id="43" x="197" y="2" width="28" height="28" xoffset="2" yoffset="13" xadvance="32" page="0" chnl="15"/>
    <char id="45" x="197" y="32" width="14" height="6" xoffset="3" yoffset="22" xadvance="19" page="0" chnl="15"/>
    <char id="61" x="23" y="487" width="27" height="15" xoffset="3" yoffset="19" xadvance="32" page="0" chnl="15"/>
    <char id="46" x="164" y="73" width="8" height="7" xoffset="3" yoffset="38" xadvance="13" page="0" chnl="15"/>
    <char id="44" x="90" y="204" width="7" height="13" xoffset="2" yoffset="37" xadvance="12" page="0" chnl="15"/>
    <char id="47" x="124" y="256" width="19" height="44" xoffset="0" yoffset="4" xadvance="18" page="0" chnl="15"/>
    <char id="124" x="140" y="302" width="6" height="51" xoffset="5" yoffset="0" xadvance="16" page="0" chnl="15"/>
    <char id="34" x="100" y="256" width="16" height="14" xoffset="3" yoffset="7" xadvance="20" page="0" chnl="15"/>
    <char id="39" x="90" y="219" width="8" height="14" xoffset="2" yoffset="7" xadvance="12" page="0" chnl="15"/>
    <char id="64" x="128" y="163" width="44" height="44" xoffset="5" yoffset="3" xadvance="54" page="0" chnl="15"/>
    <char id="35" x="153" y="122" width="29" height="36" xoffset="3" yoffset="8" xadvance="35" page="0" chnl="15"/>
    <char id="36" x="128" y="209" width="30" height="45" xoffset="5" yoffset="4" xadvance="39" page="0" chnl="15"/>
    <char id="94" x="52" y="487" width="24" height="22" xoffset="0" yoffset="8" xadvance="23" page="0" chnl="15"/>
    <char id="38" x="145" y="256" width="32" height="40" xoffset="2" yoffset="6" xadvance="36" page="0" chnl="15"/>
    <char id="123" x="148" y="298" width="15" height="52" xoffset="2" yoffset="1" xadvance="19" page="0" chnl="15"/>
    <char id="125" x="165" y="298" width="15" height="53" xoffset="3" yoffset="1" xadvance="19" page="0" chnl="15"/>
    <char id="91" x="174" y="160" width="14" height="52" xoffset="2" yoffset="1" xadvance="19" page="0" chnl="15"/>
    <char id="93" x="179" y="214" width="14" height="52" xoffset="3" yoffset="1" xadvance="19" page="0" chnl="15"/>
    <char id="49" x="184" y="122" width="19" height="36" xoffset="3" yoffset="8" xadvance="23" page="0" chnl="15"/>
    <char id="50" x="192" y="82" width="27" height="35" xoffset="2" yoffset="9" xadvance="32" page="0" chnl="15"/>
    <char id="51" x="201" y="40" width="26" height="36" xoffset="2" yoffset="9" xadvance="30" page="0" chnl="15"/>
    <char id="52" x="168" y="353" width="26" height="37" xoffset="2" yoffset="8" xadvance="29" page="0" chnl="15"/>
    <char id="53" x="227" y="2" width="26" height="35" xoffset="3" yoffset="9" xadvance="31" page="0" chnl="15"/>
    <char id="54" x="188" y="392" width="27" height="37" xoffset="3" yoffset="8" xadvance="32" page="0" chnl="15"/>
    <char id="55" x="190" y="160" width="25" height="37" xoffset="1" yoffset="8" xadvance="26" page="0" chnl="15"/>
    <char id="56" x="205" y="119" width="28" height="37" xoffset="2" yoffset="7" xadvance="33" page="0" chnl="15"/>
    <char id="57" x="221" y="78" width="26" height="37" xoffset="3" yoffset="8" xadvance="31" page="0" chnl="15"/>
    <char id="48" x="229" y="39" width="29" height="37" xoffset="3" yoffset="7" xadvance="34" page="0" chnl="15"/>
    <char id="32" x="0" y="0" width="0" height="0" xoffset="3" yoffset="7" xadvance="14" page="0" chnl="15"/>
  </chars>
  <kernings count="555">
    <kerning first="65" second="65" amount="1"/>
    <kerning first="65" second="74" amount="1"/>
    <kerning first="65" second="82" amount="-1"/>
    <kerning first="65" second="84" amount="-5"/>
    <kerning first="65" second="86" amount="-2"/>
    <kerning first="65" second="87" amount="-1"/>
    <kerning first="65" second="89" amount="-4"/>
    <kerning first="65" second="90" amount="1"/>
    <kerning first="65" second="109" amount="1"/>
    <kerning first="65" second="112" amount="-2"/>
    <kerning first="65" second="114" amount="-1"/>
    <kerning first="65" second="116" amount="-5"/>
    <kerning first="65" second="117" amount="-1"/>
    <kerning first="65" second="118" amount="-2"/>
    <kerning first="65" second="119" amount="-1"/>
    <kerning first="65" second="120" amount="1"/>
    <kerning first="65" second="121" amount="-2"/>
    <kerning first="66" second="65" amount="-2"/>
    <kerning first="66" second="78" amount="-1"/>
    <kerning first="66" second="86" amount="-1"/>
    <kerning first="66" second="87" amount="-1"/>
    <kerning first="66" second="88" amount="-2"/>
    <kerning first="66" second="90" amount="-1"/>
    <kerning first="66" second="97" amount="-2"/>
    <kerning first="66" second="118" amount="-1"/>
    <kerning first="66" second="119" amount="-1"/>
    <kerning first="66" second="120" amount="-2"/>
    <kerning first="67" second="97" amount="-3"/>
    <kerning first="67" second="101" amount="0"/>
    <kerning first="67" second="113" amount="-2"/>
    <kerning first="67" second="117" amount="-1"/>
    <kerning first="68" second="65" amount="-2"/>
    <kerning first="68" second="74" amount="-1"/>
    <kerning first="68" second="81" amount="1"/>
    <kerning first="68" second="82" amount="-1"/>
    <kerning first="68" second="88" amount="-3"/>
    <kerning first="68" second="90" amount="-2"/>
    <kerning first="68" second="97" amount="-2"/>
    <kerning first="68" second="106" amount="-1"/>
    <kerning first="68" second="114" amount="-1"/>
    <kerning first="68" second="120" amount="-3"/>
    <kerning first="68" second="122" amount="-2"/>
    <kerning first="70" second="44" amount="-8"/>
    <kerning first="70" second="46" amount="-8"/>
    <kerning first="70" second="65" amount="-3"/>
    <kerning first="70" second="69" amount="-1"/>
    <kerning first="70" second="74" amount="-4"/>
    <kerning first="70" second="82" amount="-1"/>
    <kerning first="70" second="97" amount="-3"/>
    <kerning first="70" second="101" amount="-1"/>
    <kerning first="70" second="106" amount="-4"/>
    <kerning first="70" second="111" amount="-1"/>
    <kerning first="70" second="114" amount="-1"/>
    <kerning first="71" second="46" amount="-1"/>
    <kerning first="71" second="81" amount="1"/>
    <kerning first="71" second="82" amount="-1"/>
    <kerning first="71" second="88" amount="-1"/>
    <kerning first="71" second="114" amount="-1"/>
    <kerning first="71" second="120" amount="-1"/>
    <kerning first="74" second="44" amount="-1"/>
    <kerning first="74" second="46" amount="-1"/>
    <kerning first="74" second="65" amount="0"/>
    <kerning first="74" second="79" amount="1"/>
    <kerning first="75" second="65" amount="1"/>
    <kerning first="75" second="67" amount="-1"/>
    <kerning first="75" second="79" amount="-1"/>
    <kerning first="75" second="85" amount="-1"/>
    <kerning first="75" second="97" amount="1"/>
    <kerning first="75" second="99" amount="-1"/>
    <kerning first="75" second="111" amount="-1"/>
    <kerning first="75" second="117" amount="-1"/>
    <kerning first="76" second="66" amount="-1"/>
    <kerning first="76" second="67" amount="-1"/>
    <kerning first="76" second="68" amount="-2"/>
    <kerning first="76" second="69" amount="-2"/>
    <kerning first="76" second="70" amount="-1"/>
    <kerning first="76" second="71" amount="-1"/>
    <kerning first="76" second="75" amount="-2"/>
    <kerning first="76" second="79" amount="-1"/>
    <kerning first="76" second="81" amount="-1"/>
    <kerning first="76" second="82" amount="-3"/>
    <kerning first="76" second="84" amount="-5"/>
    <kerning first="76" second="85" amount="-2"/>
    <kerning first="76" second="86" amount="-4"/>
    <kerning first="76" second="87" amount="-5"/>
    <kerning first="76" second="89" amount="-4"/>
    <kerning first="76" second="98" amount="-1"/>
    <kerning first="76" second="99" amount="-1"/>
    <kerning first="76" second="100" amount="-2"/>
    <kerning first="76" second="101" amount="-2"/>
    <kerning first="76" second="102" amount="-1"/>
    <kerning first="76" second="103" amount="-1"/>
    <kerning first="76" second="107" amount="-2"/>
    <kerning first="76" second="111" amount="-2"/>
    <kerning first="76" second="113" amount="-1"/>
    <kerning first="76" second="114" amount="-3"/>
    <kerning first="76" second="116" amount="-5"/>
    <kerning first="76" second="117" amount="-2"/>
    <kerning first="76" second="118" amount="-4"/>
    <kerning first="76" second="119" amount="-5"/>
    <kerning first="76" second="121" amount="-4"/>
    <kerning first="77" second="112" amount="-1"/>
    <kerning first="79" second="44" amount="-1"/>
    <kerning first="79" second="46" amount="-1"/>
    <kerning first="79" second="67" amount="1"/>
    <kerning first="79" second="71" amount="1"/>
    <kerning first="79" second="79" amount="1"/>
    <kerning first="79" second="81" amount="1"/>
    <kerning first="79" second="84" amount="-1"/>
    <kerning first="79" second="88" amount="-1"/>
    <kerning first="79" second="90" amount="-1"/>
    <kerning first="79" second="111" amount="1"/>
    <kerning first="79" second="116" amount="-1"/>
    <kerning first="79" second="120" amount="-1"/>
    <kerning first="79" second="122" amount="-2"/>
    <kerning first="80" second="44" amount="-9"/>
    <kerning first="80" second="46" amount="-9"/>
    <kerning first="80" second="65" amount="-5"/>
    <kerning first="80" second="71" amount="-1"/>
    <kerning first="80" second="74" amount="-6"/>
    <kerning first="80" second="76" amount="-1"/>
    <kerning first="80" second="88" amount="-1"/>
    <kerning first="80" second="97" amount="-5"/>
    <kerning first="80" second="103" amount="-1"/>
    <kerning first="80" second="106" amount="-6"/>
    <kerning first="80" second="108" amount="-1"/>
    <kerning first="80" second="120" amount="-1"/>
    <kerning first="81" second="71" amount="1"/>
    <kerning first="81" second="79" amount="1"/>
    <kerning first="81" second="84" amount="-1"/>
    <kerning first="81" second="85" amount="1"/>
    <kerning first="81" second="116" amount="-1"/>
    <kerning first="82" second="65" amount="1"/>
    <kerning first="82" second="67" amount="-1"/>
    <kerning first="83" second="84" amount="-1"/>
    <kerning first="83" second="86" amount="-1"/>
    <kerning first="83" second="87" amount="-1"/>
    <kerning first="83" second="107" amount="1"/>
    <kerning first="83" second="111" amount="2"/>
    <kerning first="83" second="116" amount="-1"/>
    <kerning first="83" second="117" amount="1"/>
    <kerning first="83" second="118" amount="-1"/>
    <kerning first="83" second="119" amount="-1"/>
    <kerning first="84" second="44" amount="-5"/>
    <kerning first="84" second="45" amount="-6"/>
    <kerning first="84" second="46" amount="-6"/>
    <kerning first="84" second="58" amount="-6"/>
    <kerning first="84" second="59" amount="-6"/>
    <kerning first="84" second="65" amount="-5"/>
    <kerning first="84" second="67" amount="-4"/>
    <kerning first="84" second="68" amount="-1"/>
    <kerning first="84" second="69" amount="-1"/>
    <kerning first="84" second="71" amount="-3"/>
    <kerning first="84" second="72" amount="-1"/>
    <kerning first="84" second="73" amount="-1"/>
    <kerning first="84" second="74" amount="-5"/>
    <kerning first="84" second="76" amount="-1"/>
    <kerning first="84" second="77" amount="-2"/>
    <kerning first="84" second="78" amount="-1"/>
    <kerning first="84" second="79" amount="-3"/>
    <kerning first="84" second="80" amount="-1"/>
    <kerning first="84" second="81" amount="-3"/>
    <kerning first="84" second="82" amount="-2"/>
    <kerning first="84" second="83" amount="-1"/>
    <kerning first="84" second="85" amount="-1"/>
    <kerning first="84" second="89" amount="-1"/>
    <kerning first="84" second="90" amount="-2"/>
    <kerning first="84" second="97" amount="-5"/>
    <kerning first="84" second="99" amount="-4"/>
    <kerning first="84" second="100" amount="-1"/>
    <kerning first="84" second="101" amount="-1"/>
    <kerning first="84" second="103" amount="-3"/>
    <kerning first="84" second="104" amount="-1"/>
    <kerning first="84" second="105" amount="-1"/>
    <kerning first="84" second="106" amount="-5"/>
    <kerning first="84" second="108" amount="-1"/>
    <kerning first="84" second="109" amount="-2"/>
    <kerning first="84" second="110" amount="-1"/>
    <kerning first="84" second="111" amount="-3"/>
    <kerning first="84" second="112" amount="-1"/>
    <kerning first="84" second="113" amount="-3"/>
    <kerning first="84" second="114" amount="-2"/>
    <kerning first="84" second="115" amount="-1"/>
    <kerning first="84" second="117" amount="-2"/>
    <kerning first="84" second="119" amount="-1"/>
    <kerning first="84" second="121" amount="-1"/>
    <kerning first="84" second="122" amount="-2"/>
    <kerning first="85" second="46" amount="-1"/>
    <kerning first="85" second="65" amount="-2"/>
    <kerning first="85" second="74" amount="-1"/>
    <kerning first="85" second="97" amount="-2"/>
    <kerning first="85" second="106" amount="-1"/>
    <kerning first="86" second="44" amount="-5"/>
    <kerning first="86" second="45" amount="-3"/>
    <kerning first="86" second="46" amount="-6"/>
    <kerning first="86" second="58" amount="-2"/>
    <kerning first="86" second="59" amount="-2"/>
    <kerning first="86" second="65" amount="-2"/>
    <kerning first="86" second="67" amount="-1"/>
    <kerning first="86" second="71" amount="-1"/>
    <kerning first="86" second="74" amount="-4"/>
    <kerning first="86" second="76" amount="-1"/>
    <kerning first="86" second="77" amount="-2"/>
    <kerning first="86" second="79" amount="-1"/>
    <kerning first="86" second="82" amount="-2"/>
    <kerning first="86" second="85" amount="-1"/>
    <kerning first="86" second="88" amount="-1"/>
    <kerning first="86" second="97" amount="-2"/>
    <kerning first="86" second="99" amount="-1"/>
    <kerning first="86" second="101" amount="-2"/>
    <kerning first="86" second="103" amount="-1"/>
    <kerning first="86" second="105" amount="-1"/>
    <kerning first="86" second="106" amount="-4"/>
    <kerning first="86" second="109" amount="-2"/>
    <kerning first="86" second="111" amount="-1"/>
    <kerning first="86" second="114" amount="-2"/>
    <kerning first="86" second="117" amount="-1"/>
    <kerning first="86" second="120" amount="-1"/>
    <kerning first="86" second="121" amount="-1"/>
    <kerning first="87" second="44" amount="-4"/>
    <kerning first="87" second="46" amount="-4"/>
    <kerning first="87" second="58" amount="-1"/>
    <kerning first="87" second="59" amount="-1"/>
    <kerning first="87" second="65" amount="-1"/>
    <kerning first="87" second="67" amount="-1"/>
    <kerning first="87" second="68" amount="-1"/>
    <kerning first="87" second="71" amount="-1"/>
    <kerning first="87" second="74" amount="-1"/>
    <kerning first="87" second="77" amount="-1"/>
    <kerning first="87" second="82" amount="-1"/>
    <kerning first="87" second="97" amount="-1"/>
    <kerning first="87" second="99" amount="-1"/>
    <kerning first="87" second="100" amount="-1"/>
    <kerning first="87" second="101" amount="-1"/>
    <kerning first="87" second="103" amount="-1"/>
    <kerning first="87" second="106" amount="-1"/>
    <kerning first="87" second="109" amount="-1"/>
    <kerning first="87" second="111" amount="-1"/>
    <kerning first="87" second="114" amount="-1"/>
    <kerning first="87" second="117" amount="-1"/>
    <kerning first="88" second="65" amount="1"/>
    <kerning first="88" second="67" amount="-2"/>
    <kerning first="88" second="79" amount="-1"/>
    <kerning first="88" second="81" amount="-1"/>
    <kerning first="88" second="82" amount="-2"/>
    <kerning first="88" second="85" amount="-1"/>
    <kerning first="88" second="89" amount="-1"/>
    <kerning first="88" second="99" amount="-2"/>
    <kerning first="88" second="111" amount="-1"/>
    <kerning first="88" second="113" amount="-1"/>
    <kerning first="88" second="114" amount="-2"/>
    <kerning first="88" second="117" amount="-1"/>
    <kerning first="88" second="121" amount="-1"/>
    <kerning first="89" second="44" amount="-7"/>
    <kerning first="89" second="45" amount="-6"/>
    <kerning first="89" second="46" amount="-7"/>
    <kerning first="89" second="58" amount="-5"/>
    <kerning first="89" second="59" amount="-5"/>
    <kerning first="89" second="65" amount="-4"/>
    <kerning first="89" second="66" amount="-2"/>
    <kerning first="89" second="68" amount="-1"/>
    <kerning first="89" second="71" amount="-1"/>
    <kerning first="89" second="74" amount="-4"/>
    <kerning first="89" second="77" amount="-1"/>
    <kerning first="89" second="82" amount="-1"/>
    <kerning first="89" second="97" amount="-4"/>
    <kerning first="89" second="98" amount="-2"/>
    <kerning first="89" second="100" amount="-1"/>
    <kerning first="89" second="101" amount="-1"/>
    <kerning first="89" second="103" amount="-1"/>
    <kerning first="89" second="105" amount="-2"/>
    <kerning first="89" second="106" amount="-4"/>
    <kerning first="89" second="109" amount="-1"/>
    <kerning first="89" second="111" amount="-1"/>
    <kerning first="89" second="112" amount="-4"/>
    <kerning first="89" second="113" amount="-5"/>
    <kerning first="89" second="114" amount="-1"/>
    <kerning first="89" second="118" amount="1"/>
    <kerning first="89" second="122" amount="-2"/>
    <kerning first="90" second="65" amount="1"/>
    <kerning first="90" second="71" amount="-1"/>
    <kerning first="90" second="79" amount="-1"/>
    <kerning first="90" second="103" amount="-1"/>
    <kerning first="90" second="111" amount="-1"/>
    <kerning first="97" second="65" amount="1"/>
    <kerning first="97" second="82" amount="-1"/>
    <kerning first="97" second="84" amount="-5"/>
    <kerning first="97" second="86" amount="-2"/>
    <kerning first="97" second="87" amount="-1"/>
    <kerning first="97" second="89" amount="-2"/>
    <kerning first="97" second="97" amount="1"/>
    <kerning first="97" second="106" amount="1"/>
    <kerning first="97" second="112" amount="-2"/>
    <kerning first="97" second="114" amount="-1"/>
    <kerning first="97" second="116" amount="-5"/>
    <kerning first="97" second="117" amount="-1"/>
    <kerning first="97" second="118" amount="-2"/>
    <kerning first="97" second="119" amount="-1"/>
    <kerning first="97" second="120" amount="1"/>
    <kerning first="97" second="121" amount="-2"/>
    <kerning first="97" second="122" amount="1"/>
    <kerning first="98" second="65" amount="-2"/>
    <kerning first="98" second="86" amount="-1"/>
    <kerning first="98" second="87" amount="-1"/>
    <kerning first="98" second="88" amount="-2"/>
    <kerning first="98" second="97" amount="-2"/>
    <kerning first="98" second="110" amount="-1"/>
    <kerning first="98" second="118" amount="-1"/>
    <kerning first="98" second="119" amount="-1"/>
    <kerning first="98" second="120" amount="-2"/>
    <kerning first="98" second="122" amount="-1"/>
    <kerning first="99" second="101" amount="0"/>
    <kerning first="99" second="111" amount="-1"/>
    <kerning first="99" second="113" amount="-2"/>
    <kerning first="99" second="117" amount="-1"/>
    <kerning first="100" second="65" amount="-2"/>
    <kerning first="100" second="74" amount="-1"/>
    <kerning first="100" second="82" amount="-1"/>
    <kerning first="100" second="88" amount="-3"/>
    <kerning first="100" second="90" amount="-2"/>
    <kerning first="100" second="97" amount="-2"/>
    <kerning first="100" second="106" amount="-1"/>
    <kerning first="100" second="108" amount="0"/>
    <kerning first="100" second="113" amount="1"/>
    <kerning first="100" second="114" amount="-1"/>
    <kerning first="100" second="120" amount="-3"/>
    <kerning first="100" second="122" amount="-2"/>
    <kerning first="102" second="44" amount="-8"/>
    <kerning first="102" second="46" amount="-8"/>
    <kerning first="102" second="65" amount="-3"/>
    <kerning first="102" second="69" amount="-1"/>
    <kerning first="102" second="74" amount="-4"/>
    <kerning first="102" second="82" amount="-1"/>
    <kerning first="102" second="97" amount="-3"/>
    <kerning first="102" second="101" amount="-1"/>
    <kerning first="102" second="106" amount="-4"/>
    <kerning first="102" second="111" amount="-1"/>
    <kerning first="102" second="114" amount="-1"/>
    <kerning first="103" second="46" amount="-1"/>
    <kerning first="103" second="82" amount="-1"/>
    <kerning first="103" second="88" amount="-1"/>
    <kerning first="103" second="100" amount="-1"/>
    <kerning first="103" second="114" amount="-1"/>
    <kerning first="103" second="120" amount="-1"/>
    <kerning first="106" second="44" amount="-1"/>
    <kerning first="106" second="46" amount="-1"/>
    <kerning first="106" second="97" amount="0"/>
    <kerning first="106" second="111" amount="1"/>
    <kerning first="107" second="67" amount="-1"/>
    <kerning first="107" second="79" amount="-1"/>
    <kerning first="107" second="85" amount="-1"/>
    <kerning first="107" second="97" amount="1"/>
    <kerning first="107" second="99" amount="-1"/>
    <kerning first="107" second="111" amount="-1"/>
    <kerning first="107" second="117" amount="-1"/>
    <kerning first="108" second="66" amount="-1"/>
    <kerning first="108" second="67" amount="-1"/>
    <kerning first="108" second="68" amount="-2"/>
    <kerning first="108" second="69" amount="-2"/>
    <kerning first="108" second="70" amount="-1"/>
    <kerning first="108" second="71" amount="-1"/>
    <kerning first="108" second="75" amount="-2"/>
    <kerning first="108" second="81" amount="-1"/>
    <kerning first="108" second="82" amount="-3"/>
    <kerning first="108" second="84" amount="-5"/>
    <kerning first="108" second="85" amount="-2"/>
    <kerning first="108" second="86" amount="-4"/>
    <kerning first="108" second="87" amount="-5"/>
    <kerning first="108" second="89" amount="-4"/>
    <kerning first="108" second="98" amount="-1"/>
    <kerning first="108" second="99" amount="-1"/>
    <kerning first="108" second="100" amount="-2"/>
    <kerning first="108" second="101" amount="-2"/>
    <kerning first="108" second="102" amount="-1"/>
    <kerning first="108" second="103" amount="-1"/>
    <kerning first="108" second="107" amount="-2"/>
    <kerning first="108" second="110" amount="-1"/>
    <kerning first="108" second="111" amount="-1"/>
    <kerning first="108" second="113" amount="-1"/>
    <kerning first="108" second="114" amount="-3"/>
    <kerning first="108" second="116" amount="-5"/>
    <kerning first="108" second="117" amount="-2"/>
    <kerning first="108" second="118" amount="-4"/>
    <kerning first="108" second="119" amount="-5"/>
    <kerning first="108" second="121" amount="-4"/>
    <kerning first="109" second="65" amount="1"/>
    <kerning first="111" second="44" amount="-1"/>
    <kerning first="111" second="46" amount="-1"/>
    <kerning first="111" second="84" amount="-1"/>
    <kerning first="111" second="88" amount="-1"/>
    <kerning first="111" second="90" amount="-1"/>
    <kerning first="111" second="111" amount="1"/>
    <kerning first="111" second="113" amount="1"/>
    <kerning first="111" second="116" amount="-1"/>
    <kerning first="111" second="120" amount="-1"/>
    <kerning first="111" second="122" amount="-1"/>
    <kerning first="112" second="44" amount="-9"/>
    <kerning first="112" second="46" amount="-9"/>
    <kerning first="112" second="65" amount="-5"/>
    <kerning first="112" second="71" amount="-1"/>
    <kerning first="112" second="74" amount="-6"/>
    <kerning first="112" second="76" amount="-1"/>
    <kerning first="112" second="88" amount="-1"/>
    <kerning first="112" second="97" amount="-5"/>
    <kerning first="112" second="103" amount="-1"/>
    <kerning first="112" second="106" amount="-6"/>
    <kerning first="112" second="108" amount="-1"/>
    <kerning first="112" second="120" amount="-1"/>
    <kerning first="113" second="84" amount="-1"/>
    <kerning first="113" second="111" amount="1"/>
    <kerning first="113" second="116" amount="-1"/>
    <kerning first="113" second="117" amount="1"/>
    <kerning first="114" second="97" amount="1"/>
    <kerning first="114" second="99" amount="-1"/>
    <kerning first="115" second="86" amount="-1"/>
    <kerning first="115" second="87" amount="-1"/>
    <kerning first="115" second="107" amount="1"/>
    <kerning first="115" second="111" amount="2"/>
    <kerning first="115" second="116" amount="-1"/>
    <kerning first="115" second="118" amount="-1"/>
    <kerning first="115" second="119" amount="-1"/>
    <kerning first="116" second="44" amount="-5"/>
    <kerning first="116" second="45" amount="-6"/>
    <kerning first="116" second="46" amount="-6"/>
    <kerning first="116" second="58" amount="-6"/>
    <kerning first="116" second="59" amount="-6"/>
    <kerning first="116" second="65" amount="-5"/>
    <kerning first="116" second="67" amount="-4"/>
    <kerning first="116" second="68" amount="-1"/>
    <kerning first="116" second="69" amount="-1"/>
    <kerning first="116" second="71" amount="-3"/>
    <kerning first="116" second="72" amount="-1"/>
    <kerning first="116" second="74" amount="-5"/>
    <kerning first="116" second="76" amount="-1"/>
    <kerning first="116" second="77" amount="-2"/>
    <kerning first="116" second="78" amount="-1"/>
    <kerning first="116" second="79" amount="-3"/>
    <kerning first="116" second="80" amount="-1"/>
    <kerning first="116" second="81" amount="-3"/>
    <kerning first="116" second="82" amount="-2"/>
    <kerning first="116" second="83" amount="-1"/>
    <kerning first="116" second="89" amount="-1"/>
    <kerning first="116" second="90" amount="-2"/>
    <kerning first="116" second="97" amount="-5"/>
    <kerning first="116" second="99" amount="-4"/>
    <kerning first="116" second="100" amount="-1"/>
    <kerning first="116" second="101" amount="-1"/>
    <kerning first="116" second="103" amount="-3"/>
    <kerning first="116" second="104" amount="-1"/>
    <kerning first="116" second="106" amount="-5"/>
    <kerning first="116" second="108" amount="-1"/>
    <kerning first="116" second="109" amount="-2"/>
    <kerning first="116" second="110" amount="-1"/>
    <kerning first="116" second="111" amount="-3"/>
    <kerning first="116" second="112" amount="-1"/>
    <kerning first="116" second="113" amount="-3"/>
    <kerning first="116" second="114" amount="-2"/>
    <kerning first="116" second="115" amount="-1"/>
    <kerning first="116" second="117" amount="-1"/>
    <kerning first="116" second="119" amount="-1"/>
    <kerning first="116" second="121" amount="-1"/>
    <kerning first="116" second="122" amount="-2"/>
    <kerning first="117" second="46" amount="-1"/>
    <kerning first="117" second="65" amount="-2"/>
    <kerning first="117" second="74" amount="-1"/>
    <kerning first="117" second="97" amount="-2"/>
    <kerning first="117" second="103" amount="2"/>
    <kerning first="117" second="106" amount="-1"/>
    <kerning first="118" second="44" amount="-5"/>
    <kerning first="118" second="45" amount="-3"/>
    <kerning first="118" second="46" amount="-6"/>
    <kerning first="118" second="58" amount="-2"/>
    <kerning first="118" second="59" amount="-2"/>
    <kerning first="118" second="65" amount="-2"/>
    <kerning first="118" second="67" amount="-1"/>
    <kerning first="118" second="69" amount="-2"/>
    <kerning first="118" second="71" amount="-1"/>
    <kerning first="118" second="74" amount="-4"/>
    <kerning first="118" second="77" amount="-2"/>
    <kerning first="118" second="79" amount="-1"/>
    <kerning first="118" second="82" amount="-2"/>
    <kerning first="118" second="85" amount="-1"/>
    <kerning first="118" second="88" amount="-1"/>
    <kerning first="118" second="97" amount="-2"/>
    <kerning first="118" second="99" amount="-1"/>
    <kerning first="118" second="103" amount="-1"/>
    <kerning first="118" second="105" amount="-1"/>
    <kerning first="118" second="106" amount="-4"/>
    <kerning first="118" second="108" amount="-1"/>
    <kerning first="118" second="109" amount="-2"/>
    <kerning first="118" second="111" amount="-1"/>
    <kerning first="118" second="114" amount="-1"/>
    <kerning first="118" second="117" amount="-1"/>
    <kerning first="118" second="120" amount="-1"/>
    <kerning first="119" second="44" amount="-4"/>
    <kerning first="119" second="46" amount="-4"/>
    <kerning first="119" second="58" amount="-1"/>
    <kerning first="119" second="59" amount="-1"/>
    <kerning first="119" second="65" amount="-1"/>
    <kerning first="119" second="67" amount="-1"/>
    <kerning first="119" second="68" amount="-1"/>
    <kerning first="119" second="71" amount="-1"/>
    <kerning first="119" second="74" amount="-1"/>
    <kerning first="119" second="77" amount="-1"/>
    <kerning first="119" second="82" amount="-1"/>
    <kerning first="119" second="97" amount="-1"/>
    <kerning first="119" second="99" amount="-1"/>
    <kerning first="119" second="100" amount="-1"/>
    <kerning first="119" second="103" amount="-1"/>
    <kerning first="119" second="106" amount="-1"/>
    <kerning first="119" second="109" amount="-1"/>
    <kerning first="119" second="111" amount="-1"/>
    <kerning first="119" second="114" amount="-1"/>
    <kerning first="119" second="117" amount="-1"/>
    <kerning first="120" second="67" amount="-2"/>
    <kerning first="120" second="79" amount="-1"/>
    <kerning first="120" second="81" amount="-1"/>
    <kerning first="120" second="82" amount="-2"/>
    <kerning first="120" second="89" amount="-1"/>
    <kerning first="120" second="99" amount="-2"/>
    <kerning first="120" second="111" amount="-1"/>
    <kerning first="120" second="113" amount="-1"/>
    <kerning first="120" second="114" amount="-2"/>
    <kerning first="120" second="121" amount="-1"/>
    <kerning first="121" second="44" amount="-7"/>
    <kerning first="121" second="45" amount="-6"/>
    <kerning first="121" second="46" amount="-7"/>
    <kerning first="121" second="58" amount="-5"/>
    <kerning first="121" second="59" amount="-5"/>
    <kerning first="121" second="65" amount="-4"/>
    <kerning first="121" second="66" amount="-2"/>
    <kerning first="121" second="68" amount="-1"/>
    <kerning first="121" second="69" amount="-1"/>
    <kerning first="121" second="71" amount="-1"/>
    <kerning first="121" second="74" amount="-4"/>
    <kerning first="121" second="77" amount="-1"/>
    <kerning first="121" second="82" amount="-1"/>
    <kerning first="121" second="97" amount="-4"/>
    <kerning first="121" second="98" amount="-2"/>
    <kerning first="121" second="100" amount="-1"/>
    <kerning first="121" second="103" amount="-1"/>
    <kerning first="121" second="105" amount="-2"/>
    <kerning first="121" second="106" amount="-4"/>
    <kerning first="121" second="109" amount="-1"/>
    <kerning first="121" second="111" amount="-1"/>
    <kerning first="121" second="112" amount="-4"/>
    <kerning first="121" second="113" amount="-5"/>
    <kerning first="121" second="114" amount="-1"/>
    <kerning first="121" second="117" amount="-4"/>
    <kerning first="121" second="118" amount="1"/>
    <kerning first="121" second="122" amount="-2"/>
    <kerning first="122" second="97" amount="1"/>
    <kerning first="122" second="103" amount="-1"/>
    <kerning first="122" second="111" amount="-1"/>
    <kerning first="122" second="118" amount="1"/>
  </kernings>
</font>