<font>
  <info face="medium_white_orangestroke_bold" size="60" bold="1" italic="0" charset="" unicode="" stretchH="100" smooth="1" aa="1" padding="2,2,2,2" spacing="0,0" outline="0"/>
  <common lineHeight="60" base="54" scaleW="512" scaleH="512" pages="1" packed="0"/>
  <pages>
    <page id="0" file="medium_white_orangestroke_bold.png"/>
  </pages>
  <chars count="90">
    <char id="97" x="2" y="2" width="47" height="53" xoffset="0" yoffset="10" xadvance="41" page="0" chnl="15"/>
    <char id="98" x="2" y="57" width="45" height="53" xoffset="2" yoffset="9" xadvance="43" page="0" chnl="15"/>
    <char id="99" x="2" y="112" width="47" height="52" xoffset="3" yoffset="10" xadvance="47" page="0" chnl="15"/>
    <char id="100" x="49" y="57" width="47" height="52" xoffset="3" yoffset="10" xadvance="47" page="0" chnl="15"/>
    <char id="101" x="51" y="2" width="42" height="53" xoffset="3" yoffset="10" xadvance="41" page="0" chnl="15"/>
    <char id="102" x="95" y="2" width="41" height="52" xoffset="4" yoffset="10" xadvance="39" page="0" chnl="15"/>
    <char id="103" x="2" y="166" width="48" height="53" xoffset="2" yoffset="10" xadvance="47" page="0" chnl="15"/>
    <char id="104" x="51" y="111" width="44" height="53" xoffset="4" yoffset="9" xadvance="46" page="0" chnl="15"/>
    <char id="105" x="2" y="221" width="17" height="52" xoffset="4" yoffset="10" xadvance="18" page="0" chnl="15"/>
    <char id="106" x="2" y="275" width="36" height="53" xoffset="1" yoffset="9" xadvance="32" page="0" chnl="15"/>
    <char id="107" x="2" y="330" width="42" height="53" xoffset="4" yoffset="10" xadvance="41" page="0" chnl="15"/>
    <char id="108" x="40" y="221" width="38" height="53" xoffset="4" yoffset="10" xadvance="37" page="0" chnl="15"/>
    <char id="109" x="52" y="166" width="53" height="53" xoffset="4" yoffset="10" xadvance="54" page="0" chnl="15"/>
    <char id="110" x="97" y="111" width="44" height="53" xoffset="4" yoffset="9" xadvance="46" page="0" chnl="15"/>
    <char id="111" x="98" y="56" width="51" height="53" xoffset="2" yoffset="9" xadvance="48" page="0" chnl="15"/>
    <char id="112" x="2" y="385" width="45" height="53" xoffset="2" yoffset="10" xadvance="42" page="0" chnl="15"/>
    <char id="113" x="2" y="440" width="51" height="54" xoffset="2" yoffset="9" xadvance="49" page="0" chnl="15"/>
    <char id="114" x="46" y="276" width="45" height="53" xoffset="3" yoffset="10" xadvance="44" page="0" chnl="15"/>
    <char id="115" x="138" y="2" width="42" height="52" xoffset="2" yoffset="10" xadvance="40" page="0" chnl="15"/>
    <char id="116" x="49" y="331" width="43" height="54" xoffset="0" yoffset="8" xadvance="39" page="0" chnl="15"/>
    <char id="117" x="80" y="221" width="44" height="53" xoffset="3" yoffset="11" xadvance="44" page="0" chnl="15"/>
    <char id="118" x="107" y="166" width="45" height="52" xoffset="0" yoffset="10" xadvance="40" page="0" chnl="15"/>
    <char id="119" x="143" y="111" width="61" height="53" xoffset="2" yoffset="9" xadvance="58" page="0" chnl="15"/>
    <char id="120" x="151" y="56" width="46" height="53" xoffset="1" yoffset="9" xadvance="41" page="0" chnl="15"/>
    <char id="121" x="93" y="276" width="43" height="53" xoffset="2" yoffset="10" xadvance="41" page="0" chnl="15"/>
    <char id="122" x="49" y="387" width="42" height="51" xoffset="1" yoffset="10" xadvance="39" page="0" chnl="15"/>
    <char id="65" x="126" y="220" width="46" height="53" xoffset="1" yoffset="10" xadvance="41" page="0" chnl="15"/>
    <char id="66" x="55" y="440" width="45" height="53" xoffset="2" yoffset="9" xadvance="43" page="0" chnl="15"/>
    <char id="67" x="182" y="2" width="47" height="52" xoffset="3" yoffset="10" xadvance="47" page="0" chnl="15"/>
    <char id="68" x="154" y="166" width="47" height="52" xoffset="3" yoffset="10" xadvance="47" page="0" chnl="15"/>
    <char id="69" x="199" y="56" width="42" height="53" xoffset="3" yoffset="10" xadvance="41" page="0" chnl="15"/>
    <char id="70" x="231" y="2" width="41" height="52" xoffset="4" yoffset="10" xadvance="39" page="0" chnl="15"/>
    <char id="71" x="94" y="331" width="48" height="53" xoffset="2" yoffset="10" xadvance="47" page="0" chnl="15"/>
    <char id="72" x="138" y="275" width="44" height="53" xoffset="4" yoffset="9" xadvance="46" page="0" chnl="15"/>
    <char id="73" x="21" y="221" width="17" height="52" xoffset="4" yoffset="10" xadvance="18" page="0" chnl="15"/>
    <char id="74" x="174" y="220" width="36" height="53" xoffset="1" yoffset="9" xadvance="32" page="0" chnl="15"/>
    <char id="75" x="206" y="111" width="42" height="53" xoffset="4" yoffset="10" xadvance="41" page="0" chnl="15"/>
    <char id="76" x="243" y="56" width="38" height="53" xoffset="4" yoffset="10" xadvance="37" page="0" chnl="15"/>
    <char id="77" x="102" y="386" width="53" height="53" xoffset="3" yoffset="10" xadvance="53" page="0" chnl="15"/>
    <char id="78" x="144" y="330" width="44" height="53" xoffset="4" yoffset="9" xadvance="46" page="0" chnl="15"/>
    <char id="79" x="184" y="275" width="51" height="53" xoffset="2" yoffset="9" xadvance="48" page="0" chnl="15"/>
    <char id="80" x="102" y="441" width="45" height="53" xoffset="2" yoffset="10" xadvance="42" page="0" chnl="15"/>
    <char id="81" x="149" y="441" width="51" height="54" xoffset="2" yoffset="9" xadvance="49" page="0" chnl="15"/>
    <char id="82" x="157" y="385" width="45" height="53" xoffset="3" yoffset="10" xadvance="44" page="0" chnl="15"/>
    <char id="83" x="274" y="2" width="42" height="52" xoffset="2" yoffset="10" xadvance="40" page="0" chnl="15"/>
    <char id="84" x="202" y="440" width="43" height="54" xoffset="0" yoffset="8" xadvance="39" page="0" chnl="15"/>
    <char id="85" x="190" y="330" width="44" height="53" xoffset="3" yoffset="11" xadvance="44" page="0" chnl="15"/>
    <char id="86" x="203" y="166" width="45" height="52" xoffset="0" yoffset="10" xadvance="40" page="0" chnl="15"/>
    <char id="87" x="212" y="220" width="61" height="53" xoffset="2" yoffset="9" xadvance="58" page="0" chnl="15"/>
    <char id="88" x="204" y="385" width="46" height="53" xoffset="1" yoffset="9" xadvance="41" page="0" chnl="15"/>
    <char id="89" x="236" y="330" width="43" height="53" xoffset="2" yoffset="10" xadvance="41" page="0" chnl="15"/>
    <char id="90" x="237" y="275" width="42" height="51" xoffset="1" yoffset="10" xadvance="39" page="0" chnl="15"/>
    <char id="33" x="247" y="440" width="21" height="53" xoffset="2" yoffset="9" xadvance="18" page="0" chnl="15"/>
    <char id="8470" x="252" y="385" width="47" height="53" xoffset="4" yoffset="9" xadvance="47" page="0" chnl="15"/>
    <char id="59" x="270" y="440" width="20" height="52" xoffset="2" yoffset="19" xadvance="16" page="0" chnl="15"/>
    <char id="37" x="292" y="440" width="56" height="53" xoffset="2" yoffset="10" xadvance="54" page="0" chnl="15"/>
    <char id="58" x="250" y="111" width="19" height="43" xoffset="2" yoffset="19" xadvance="16" page="0" chnl="15"/>
    <char id="63" x="250" y="156" width="37" height="53" xoffset="2" yoffset="9" xadvance="34" page="0" chnl="15"/>
    <char id="42" x="271" y="111" width="33" height="31" xoffset="1" yoffset="9" xadvance="28" page="0" chnl="15"/>
    <char id="40" x="281" y="211" width="24" height="67" xoffset="3" yoffset="5" xadvance="21" page="0" chnl="15"/>
    <char id="41" x="281" y="280" width="24" height="67" xoffset="1" yoffset="5" xadvance="21" page="0" chnl="15"/>
    <char id="95" x="55" y="495" width="45" height="13" xoffset="-2" yoffset="58" xadvance="34" page="0" chnl="15"/>
    <char id="43" x="283" y="56" width="42" height="42" xoffset="2" yoffset="14" xadvance="39" page="0" chnl="15"/>
    <char id="45" x="281" y="349" width="26" height="17" xoffset="2" yoffset="27" xadvance="23" page="0" chnl="15"/>
    <char id="61" x="318" y="2" width="42" height="32" xoffset="2" yoffset="21" xadvance="39" page="0" chnl="15"/>
    <char id="46" x="318" y="36" width="19" height="18" xoffset="2" yoffset="44" xadvance="16" page="0" chnl="15"/>
    <char id="44" x="289" y="144" width="20" height="27" xoffset="2" yoffset="44" xadvance="16" page="0" chnl="15"/>
    <char id="47" x="301" y="368" width="33" height="59" xoffset="-1" yoffset="7" xadvance="23" page="0" chnl="15"/>
    <char id="124" x="307" y="173" width="17" height="68" xoffset="5" yoffset="2" xadvance="20" page="0" chnl="15"/>
    <char id="34" x="306" y="100" width="31" height="24" xoffset="2" yoffset="11" xadvance="27" page="0" chnl="15"/>
    <char id="39" x="327" y="56" width="19" height="24" xoffset="2" yoffset="11" xadvance="14" page="0" chnl="15"/>
    <char id="64" x="307" y="243" width="62" height="62" xoffset="5" yoffset="6" xadvance="65" page="0" chnl="15"/>
    <char id="35" x="309" y="307" width="49" height="52" xoffset="3" yoffset="9" xadvance="47" page="0" chnl="15"/>
    <char id="36" x="336" y="361" width="42" height="62" xoffset="3" yoffset="5" xadvance="40" page="0" chnl="15"/>
    <char id="94" x="311" y="126" width="35" height="34" xoffset="1" yoffset="11" xadvance="29" page="0" chnl="15"/>
    <char id="38" x="326" y="162" width="47" height="55" xoffset="2" yoffset="9" xadvance="44" page="0" chnl="15"/>
    <char id="123" x="350" y="425" width="29" height="72" xoffset="-2" yoffset="0" xadvance="21" page="0" chnl="15"/>
    <char id="125" x="348" y="36" width="29" height="72" xoffset="1" yoffset="0" xadvance="21" page="0" chnl="15"/>
    <char id="91" x="371" y="219" width="26" height="72" xoffset="3" yoffset="0" xadvance="23" page="0" chnl="15"/>
    <char id="93" x="375" y="110" width="26" height="72" xoffset="1" yoffset="0" xadvance="23" page="0" chnl="15"/>
    <char id="49" x="360" y="307" width="31" height="52" xoffset="2" yoffset="10" xadvance="28" page="0" chnl="15"/>
    <char id="50" x="380" y="361" width="41" height="51" xoffset="3" yoffset="10" xadvance="39" page="0" chnl="15"/>
    <char id="51" x="393" y="293" width="41" height="53" xoffset="2" yoffset="10" xadvance="37" page="0" chnl="15"/>
    <char id="52" x="381" y="414" width="42" height="53" xoffset="2" yoffset="9" xadvance="38" page="0" chnl="15"/>
    <char id="53" x="423" y="348" width="40" height="52" xoffset="2" yoffset="10" xadvance="37" page="0" chnl="15"/>
    <char id="54" x="379" y="2" width="42" height="53" xoffset="2" yoffset="10" xadvance="39" page="0" chnl="15"/>
    <char id="55" x="399" y="184" width="38" height="53" xoffset="0" yoffset="10" xadvance="32" page="0" chnl="15"/>
    <char id="56" x="399" y="239" width="42" height="52" xoffset="2" yoffset="10" xadvance="40" page="0" chnl="15"/>
    <char id="57" x="436" y="293" width="40" height="53" xoffset="2" yoffset="9" xadvance="38" page="0" chnl="15"/>
    <char id="48" x="425" y="402" width="44" height="53" xoffset="2" yoffset="10" xadvance="41" page="0" chnl="15"/>
    <char id="32" x="0" y="0" width="0" height="0" xoffset="2" yoffset="10" xadvance="17" page="0" chnl="15"/>
  </chars>
  <kernings count="552">
    <kerning first="65" second="65" amount="1"/>
    <kerning first="65" second="74" amount="1"/>
    <kerning first="65" second="82" amount="-1"/>
    <kerning first="65" second="84" amount="-6"/>
    <kerning first="65" second="86" amount="-3"/>
    <kerning first="65" second="87" amount="-2"/>
    <kerning first="65" second="89" amount="-5"/>
    <kerning first="65" second="90" amount="1"/>
    <kerning first="65" second="109" amount="1"/>
    <kerning first="65" second="112" amount="-2"/>
    <kerning first="65" second="114" amount="-1"/>
    <kerning first="65" second="116" amount="-6"/>
    <kerning first="65" second="117" amount="-1"/>
    <kerning first="65" second="118" amount="-3"/>
    <kerning first="65" second="119" amount="-2"/>
    <kerning first="65" second="120" amount="1"/>
    <kerning first="65" second="121" amount="-5"/>
    <kerning first="66" second="65" amount="-2"/>
    <kerning first="66" second="78" amount="-1"/>
    <kerning first="66" second="86" amount="-2"/>
    <kerning first="66" second="87" amount="-1"/>
    <kerning first="66" second="88" amount="-2"/>
    <kerning first="66" second="90" amount="-1"/>
    <kerning first="66" second="97" amount="-2"/>
    <kerning first="66" second="118" amount="-2"/>
    <kerning first="66" second="119" amount="-1"/>
    <kerning first="66" second="120" amount="-2"/>
    <kerning first="67" second="97" amount="-4"/>
    <kerning first="67" second="101" amount="0"/>
    <kerning first="67" second="113" amount="-2"/>
    <kerning first="67" second="117" amount="-1"/>
    <kerning first="68" second="65" amount="-3"/>
    <kerning first="68" second="74" amount="-2"/>
    <kerning first="68" second="81" amount="1"/>
    <kerning first="68" second="82" amount="-2"/>
    <kerning first="68" second="88" amount="-4"/>
    <kerning first="68" second="90" amount="-2"/>
    <kerning first="68" second="97" amount="-2"/>
    <kerning first="68" second="106" amount="-2"/>
    <kerning first="68" second="114" amount="-2"/>
    <kerning first="68" second="120" amount="-4"/>
    <kerning first="68" second="122" amount="-2"/>
    <kerning first="70" second="44" amount="-9"/>
    <kerning first="70" second="46" amount="-9"/>
    <kerning first="70" second="65" amount="-4"/>
    <kerning first="70" second="69" amount="-2"/>
    <kerning first="70" second="74" amount="-4"/>
    <kerning first="70" second="82" amount="-1"/>
    <kerning first="70" second="97" amount="-4"/>
    <kerning first="70" second="101" amount="-2"/>
    <kerning first="70" second="106" amount="-4"/>
    <kerning first="70" second="111" amount="-1"/>
    <kerning first="70" second="114" amount="-1"/>
    <kerning first="71" second="46" amount="-2"/>
    <kerning first="71" second="81" amount="1"/>
    <kerning first="71" second="82" amount="-2"/>
    <kerning first="71" second="88" amount="-1"/>
    <kerning first="71" second="114" amount="-2"/>
    <kerning first="71" second="120" amount="-1"/>
    <kerning first="74" second="44" amount="-2"/>
    <kerning first="74" second="46" amount="-2"/>
    <kerning first="74" second="65" amount="-1"/>
    <kerning first="74" second="79" amount="1"/>
    <kerning first="75" second="65" amount="1"/>
    <kerning first="75" second="67" amount="-1"/>
    <kerning first="75" second="79" amount="-1"/>
    <kerning first="75" second="85" amount="-1"/>
    <kerning first="75" second="97" amount="1"/>
    <kerning first="75" second="99" amount="-1"/>
    <kerning first="75" second="111" amount="-1"/>
    <kerning first="75" second="117" amount="-1"/>
    <kerning first="76" second="66" amount="-1"/>
    <kerning first="76" second="67" amount="-2"/>
    <kerning first="76" second="68" amount="-2"/>
    <kerning first="76" second="69" amount="-3"/>
    <kerning first="76" second="70" amount="-2"/>
    <kerning first="76" second="71" amount="-2"/>
    <kerning first="76" second="75" amount="-3"/>
    <kerning first="76" second="79" amount="-2"/>
    <kerning first="76" second="81" amount="-2"/>
    <kerning first="76" second="82" amount="-4"/>
    <kerning first="76" second="84" amount="-6"/>
    <kerning first="76" second="85" amount="-3"/>
    <kerning first="76" second="86" amount="-4"/>
    <kerning first="76" second="87" amount="-6"/>
    <kerning first="76" second="89" amount="-5"/>
    <kerning first="76" second="98" amount="-1"/>
    <kerning first="76" second="99" amount="-1"/>
    <kerning first="76" second="100" amount="-2"/>
    <kerning first="76" second="101" amount="-3"/>
    <kerning first="76" second="102" amount="-2"/>
    <kerning first="76" second="103" amount="-2"/>
    <kerning first="76" second="107" amount="-3"/>
    <kerning first="76" second="111" amount="-3"/>
    <kerning first="76" second="113" amount="-2"/>
    <kerning first="76" second="114" amount="-4"/>
    <kerning first="76" second="116" amount="-6"/>
    <kerning first="76" second="117" amount="-3"/>
    <kerning first="76" second="118" amount="-4"/>
    <kerning first="76" second="119" amount="-6"/>
    <kerning first="76" second="121" amount="-5"/>
    <kerning first="77" second="112" amount="-1"/>
    <kerning first="79" second="44" amount="-2"/>
    <kerning first="79" second="46" amount="-2"/>
    <kerning first="79" second="67" amount="1"/>
    <kerning first="79" second="71" amount="1"/>
    <kerning first="79" second="79" amount="1"/>
    <kerning first="79" second="81" amount="1"/>
    <kerning first="79" second="84" amount="-1"/>
    <kerning first="79" second="88" amount="-1"/>
    <kerning first="79" second="90" amount="-1"/>
    <kerning first="79" second="111" amount="1"/>
    <kerning first="79" second="116" amount="-1"/>
    <kerning first="79" second="120" amount="-1"/>
    <kerning first="79" second="122" amount="-3"/>
    <kerning first="80" second="44" amount="-11"/>
    <kerning first="80" second="46" amount="-11"/>
    <kerning first="80" second="65" amount="-6"/>
    <kerning first="80" second="71" amount="-1"/>
    <kerning first="80" second="74" amount="-7"/>
    <kerning first="80" second="76" amount="-1"/>
    <kerning first="80" second="88" amount="-1"/>
    <kerning first="80" second="97" amount="-6"/>
    <kerning first="80" second="103" amount="-1"/>
    <kerning first="80" second="106" amount="-7"/>
    <kerning first="80" second="108" amount="-1"/>
    <kerning first="80" second="120" amount="-1"/>
    <kerning first="81" second="71" amount="1"/>
    <kerning first="81" second="79" amount="1"/>
    <kerning first="81" second="84" amount="-2"/>
    <kerning first="81" second="85" amount="1"/>
    <kerning first="81" second="116" amount="-2"/>
    <kerning first="82" second="65" amount="1"/>
    <kerning first="82" second="67" amount="-1"/>
    <kerning first="83" second="84" amount="-1"/>
    <kerning first="83" second="86" amount="-1"/>
    <kerning first="83" second="87" amount="-1"/>
    <kerning first="83" second="107" amount="1"/>
    <kerning first="83" second="111" amount="2"/>
    <kerning first="83" second="116" amount="-1"/>
    <kerning first="83" second="117" amount="2"/>
    <kerning first="83" second="118" amount="-1"/>
    <kerning first="83" second="119" amount="-1"/>
    <kerning first="84" second="44" amount="-6"/>
    <kerning first="84" second="45" amount="-8"/>
    <kerning first="84" second="46" amount="-7"/>
    <kerning first="84" second="58" amount="-7"/>
    <kerning first="84" second="59" amount="-7"/>
    <kerning first="84" second="65" amount="-6"/>
    <kerning first="84" second="67" amount="-5"/>
    <kerning first="84" second="68" amount="-1"/>
    <kerning first="84" second="69" amount="-2"/>
    <kerning first="84" second="71" amount="-4"/>
    <kerning first="84" second="72" amount="-1"/>
    <kerning first="84" second="73" amount="-1"/>
    <kerning first="84" second="74" amount="-6"/>
    <kerning first="84" second="76" amount="-1"/>
    <kerning first="84" second="77" amount="-3"/>
    <kerning first="84" second="78" amount="-1"/>
    <kerning first="84" second="79" amount="-4"/>
    <kerning first="84" second="80" amount="-1"/>
    <kerning first="84" second="81" amount="-4"/>
    <kerning first="84" second="82" amount="-2"/>
    <kerning first="84" second="83" amount="-1"/>
    <kerning first="84" second="85" amount="-1"/>
    <kerning first="84" second="89" amount="-1"/>
    <kerning first="84" second="90" amount="-2"/>
    <kerning first="84" second="97" amount="-6"/>
    <kerning first="84" second="99" amount="-5"/>
    <kerning first="84" second="100" amount="-1"/>
    <kerning first="84" second="101" amount="-2"/>
    <kerning first="84" second="103" amount="-4"/>
    <kerning first="84" second="104" amount="-1"/>
    <kerning first="84" second="105" amount="-1"/>
    <kerning first="84" second="106" amount="-6"/>
    <kerning first="84" second="108" amount="-1"/>
    <kerning first="84" second="109" amount="-3"/>
    <kerning first="84" second="110" amount="-1"/>
    <kerning first="84" second="111" amount="-4"/>
    <kerning first="84" second="112" amount="-1"/>
    <kerning first="84" second="113" amount="-4"/>
    <kerning first="84" second="114" amount="-2"/>
    <kerning first="84" second="115" amount="-1"/>
    <kerning first="84" second="117" amount="-2"/>
    <kerning first="84" second="119" amount="-1"/>
    <kerning first="84" second="121" amount="-1"/>
    <kerning first="84" second="122" amount="-2"/>
    <kerning first="85" second="46" amount="-2"/>
    <kerning first="85" second="65" amount="-2"/>
    <kerning first="85" second="74" amount="-1"/>
    <kerning first="85" second="97" amount="-2"/>
    <kerning first="85" second="106" amount="-1"/>
    <kerning first="86" second="44" amount="-6"/>
    <kerning first="86" second="45" amount="-3"/>
    <kerning first="86" second="46" amount="-8"/>
    <kerning first="86" second="58" amount="-3"/>
    <kerning first="86" second="59" amount="-3"/>
    <kerning first="86" second="65" amount="-3"/>
    <kerning first="86" second="67" amount="-1"/>
    <kerning first="86" second="71" amount="-2"/>
    <kerning first="86" second="74" amount="-4"/>
    <kerning first="86" second="76" amount="-1"/>
    <kerning first="86" second="77" amount="-2"/>
    <kerning first="86" second="79" amount="-1"/>
    <kerning first="86" second="82" amount="-2"/>
    <kerning first="86" second="85" amount="-2"/>
    <kerning first="86" second="88" amount="-1"/>
    <kerning first="86" second="97" amount="-3"/>
    <kerning first="86" second="99" amount="-1"/>
    <kerning first="86" second="101" amount="-2"/>
    <kerning first="86" second="103" amount="-2"/>
    <kerning first="86" second="105" amount="-1"/>
    <kerning first="86" second="106" amount="-4"/>
    <kerning first="86" second="109" amount="-2"/>
    <kerning first="86" second="111" amount="-1"/>
    <kerning first="86" second="114" amount="-2"/>
    <kerning first="86" second="117" amount="-2"/>
    <kerning first="86" second="120" amount="-1"/>
    <kerning first="86" second="121" amount="-1"/>
    <kerning first="87" second="44" amount="-4"/>
    <kerning first="87" second="46" amount="-4"/>
    <kerning first="87" second="58" amount="-1"/>
    <kerning first="87" second="59" amount="-1"/>
    <kerning first="87" second="65" amount="-2"/>
    <kerning first="87" second="67" amount="-1"/>
    <kerning first="87" second="68" amount="-1"/>
    <kerning first="87" second="71" amount="-2"/>
    <kerning first="87" second="74" amount="-2"/>
    <kerning first="87" second="77" amount="-2"/>
    <kerning first="87" second="82" amount="-2"/>
    <kerning first="87" second="97" amount="-2"/>
    <kerning first="87" second="99" amount="-1"/>
    <kerning first="87" second="100" amount="-1"/>
    <kerning first="87" second="101" amount="-1"/>
    <kerning first="87" second="103" amount="-2"/>
    <kerning first="87" second="106" amount="-2"/>
    <kerning first="87" second="109" amount="-2"/>
    <kerning first="87" second="111" amount="-1"/>
    <kerning first="87" second="114" amount="-2"/>
    <kerning first="87" second="117" amount="-1"/>
    <kerning first="88" second="65" amount="1"/>
    <kerning first="88" second="67" amount="-2"/>
    <kerning first="88" second="79" amount="-1"/>
    <kerning first="88" second="81" amount="-2"/>
    <kerning first="88" second="82" amount="-2"/>
    <kerning first="88" second="85" amount="-1"/>
    <kerning first="88" second="89" amount="-2"/>
    <kerning first="88" second="99" amount="-2"/>
    <kerning first="88" second="111" amount="-1"/>
    <kerning first="88" second="113" amount="-2"/>
    <kerning first="88" second="114" amount="-2"/>
    <kerning first="88" second="117" amount="-1"/>
    <kerning first="88" second="121" amount="-2"/>
    <kerning first="89" second="44" amount="-8"/>
    <kerning first="89" second="45" amount="-7"/>
    <kerning first="89" second="46" amount="-8"/>
    <kerning first="89" second="58" amount="-6"/>
    <kerning first="89" second="59" amount="-6"/>
    <kerning first="89" second="65" amount="-5"/>
    <kerning first="89" second="66" amount="-2"/>
    <kerning first="89" second="68" amount="-2"/>
    <kerning first="89" second="71" amount="-2"/>
    <kerning first="89" second="74" amount="-4"/>
    <kerning first="89" second="77" amount="-1"/>
    <kerning first="89" second="82" amount="-1"/>
    <kerning first="89" second="97" amount="-5"/>
    <kerning first="89" second="98" amount="-2"/>
    <kerning first="89" second="100" amount="-2"/>
    <kerning first="89" second="101" amount="-2"/>
    <kerning first="89" second="103" amount="-2"/>
    <kerning first="89" second="105" amount="-2"/>
    <kerning first="89" second="106" amount="-4"/>
    <kerning first="89" second="109" amount="-1"/>
    <kerning first="89" second="111" amount="-2"/>
    <kerning first="89" second="112" amount="-4"/>
    <kerning first="89" second="113" amount="-6"/>
    <kerning first="89" second="114" amount="-1"/>
    <kerning first="89" second="118" amount="1"/>
    <kerning first="89" second="122" amount="-2"/>
    <kerning first="90" second="65" amount="1"/>
    <kerning first="90" second="71" amount="-1"/>
    <kerning first="90" second="79" amount="-1"/>
    <kerning first="90" second="103" amount="-1"/>
    <kerning first="90" second="111" amount="-2"/>
    <kerning first="97" second="65" amount="1"/>
    <kerning first="97" second="82" amount="-1"/>
    <kerning first="97" second="84" amount="-6"/>
    <kerning first="97" second="86" amount="-3"/>
    <kerning first="97" second="87" amount="-2"/>
    <kerning first="97" second="89" amount="-3"/>
    <kerning first="97" second="97" amount="1"/>
    <kerning first="97" second="106" amount="1"/>
    <kerning first="97" second="112" amount="-2"/>
    <kerning first="97" second="114" amount="-1"/>
    <kerning first="97" second="116" amount="-6"/>
    <kerning first="97" second="117" amount="-1"/>
    <kerning first="97" second="118" amount="-3"/>
    <kerning first="97" second="119" amount="-2"/>
    <kerning first="97" second="120" amount="1"/>
    <kerning first="97" second="121" amount="-3"/>
    <kerning first="97" second="122" amount="1"/>
    <kerning first="98" second="65" amount="-2"/>
    <kerning first="98" second="86" amount="-2"/>
    <kerning first="98" second="87" amount="-1"/>
    <kerning first="98" second="88" amount="-2"/>
    <kerning first="98" second="97" amount="-2"/>
    <kerning first="98" second="110" amount="-1"/>
    <kerning first="98" second="118" amount="-1"/>
    <kerning first="98" second="119" amount="-1"/>
    <kerning first="98" second="120" amount="-2"/>
    <kerning first="98" second="122" amount="-1"/>
    <kerning first="99" second="101" amount="0"/>
    <kerning first="99" second="111" amount="-2"/>
    <kerning first="99" second="113" amount="-2"/>
    <kerning first="99" second="117" amount="-1"/>
    <kerning first="100" second="65" amount="-2"/>
    <kerning first="100" second="74" amount="-2"/>
    <kerning first="100" second="82" amount="-2"/>
    <kerning first="100" second="88" amount="-4"/>
    <kerning first="100" second="90" amount="-2"/>
    <kerning first="100" second="97" amount="-3"/>
    <kerning first="100" second="106" amount="-2"/>
    <kerning first="100" second="108" amount="-1"/>
    <kerning first="100" second="113" amount="1"/>
    <kerning first="100" second="114" amount="-2"/>
    <kerning first="100" second="120" amount="-4"/>
    <kerning first="100" second="122" amount="-2"/>
    <kerning first="102" second="44" amount="-9"/>
    <kerning first="102" second="46" amount="-9"/>
    <kerning first="102" second="65" amount="-4"/>
    <kerning first="102" second="69" amount="-2"/>
    <kerning first="102" second="74" amount="-4"/>
    <kerning first="102" second="82" amount="-1"/>
    <kerning first="102" second="97" amount="-4"/>
    <kerning first="102" second="101" amount="-2"/>
    <kerning first="102" second="106" amount="-4"/>
    <kerning first="102" second="111" amount="-1"/>
    <kerning first="102" second="114" amount="-1"/>
    <kerning first="103" second="46" amount="-2"/>
    <kerning first="103" second="82" amount="-2"/>
    <kerning first="103" second="88" amount="-1"/>
    <kerning first="103" second="100" amount="-1"/>
    <kerning first="103" second="114" amount="-2"/>
    <kerning first="103" second="120" amount="-1"/>
    <kerning first="106" second="44" amount="-2"/>
    <kerning first="106" second="46" amount="-2"/>
    <kerning first="106" second="97" amount="-1"/>
    <kerning first="106" second="111" amount="1"/>
    <kerning first="107" second="67" amount="-1"/>
    <kerning first="107" second="79" amount="-1"/>
    <kerning first="107" second="85" amount="-1"/>
    <kerning first="107" second="97" amount="1"/>
    <kerning first="107" second="99" amount="-1"/>
    <kerning first="107" second="111" amount="-1"/>
    <kerning first="107" second="117" amount="-1"/>
    <kerning first="108" second="66" amount="-1"/>
    <kerning first="108" second="67" amount="-1"/>
    <kerning first="108" second="68" amount="-2"/>
    <kerning first="108" second="69" amount="-3"/>
    <kerning first="108" second="70" amount="-2"/>
    <kerning first="108" second="71" amount="-2"/>
    <kerning first="108" second="75" amount="-3"/>
    <kerning first="108" second="81" amount="-2"/>
    <kerning first="108" second="82" amount="-4"/>
    <kerning first="108" second="84" amount="-6"/>
    <kerning first="108" second="85" amount="-3"/>
    <kerning first="108" second="86" amount="-4"/>
    <kerning first="108" second="87" amount="-6"/>
    <kerning first="108" second="89" amount="-5"/>
    <kerning first="108" second="98" amount="-1"/>
    <kerning first="108" second="99" amount="-2"/>
    <kerning first="108" second="100" amount="-2"/>
    <kerning first="108" second="101" amount="-3"/>
    <kerning first="108" second="102" amount="-2"/>
    <kerning first="108" second="103" amount="-2"/>
    <kerning first="108" second="107" amount="-3"/>
    <kerning first="108" second="110" amount="-1"/>
    <kerning first="108" second="111" amount="-2"/>
    <kerning first="108" second="113" amount="-2"/>
    <kerning first="108" second="114" amount="-4"/>
    <kerning first="108" second="116" amount="-6"/>
    <kerning first="108" second="117" amount="-3"/>
    <kerning first="108" second="118" amount="-4"/>
    <kerning first="108" second="119" amount="-6"/>
    <kerning first="108" second="121" amount="-5"/>
    <kerning first="109" second="65" amount="1"/>
    <kerning first="111" second="44" amount="-2"/>
    <kerning first="111" second="46" amount="-2"/>
    <kerning first="111" second="84" amount="-1"/>
    <kerning first="111" second="88" amount="-1"/>
    <kerning first="111" second="90" amount="-1"/>
    <kerning first="111" second="111" amount="1"/>
    <kerning first="111" second="113" amount="1"/>
    <kerning first="111" second="116" amount="-1"/>
    <kerning first="111" second="120" amount="-1"/>
    <kerning first="111" second="122" amount="-1"/>
    <kerning first="112" second="44" amount="-11"/>
    <kerning first="112" second="46" amount="-11"/>
    <kerning first="112" second="65" amount="-6"/>
    <kerning first="112" second="71" amount="-1"/>
    <kerning first="112" second="74" amount="-7"/>
    <kerning first="112" second="76" amount="-1"/>
    <kerning first="112" second="88" amount="-1"/>
    <kerning first="112" second="97" amount="-6"/>
    <kerning first="112" second="103" amount="-1"/>
    <kerning first="112" second="106" amount="-7"/>
    <kerning first="112" second="108" amount="-1"/>
    <kerning first="112" second="120" amount="-1"/>
    <kerning first="113" second="84" amount="-2"/>
    <kerning first="113" second="111" amount="1"/>
    <kerning first="113" second="116" amount="-2"/>
    <kerning first="113" second="117" amount="1"/>
    <kerning first="114" second="97" amount="1"/>
    <kerning first="114" second="99" amount="-1"/>
    <kerning first="115" second="86" amount="-1"/>
    <kerning first="115" second="87" amount="-1"/>
    <kerning first="115" second="107" amount="1"/>
    <kerning first="115" second="111" amount="2"/>
    <kerning first="115" second="116" amount="-1"/>
    <kerning first="115" second="118" amount="-1"/>
    <kerning first="115" second="119" amount="-1"/>
    <kerning first="116" second="44" amount="-6"/>
    <kerning first="116" second="45" amount="-8"/>
    <kerning first="116" second="46" amount="-7"/>
    <kerning first="116" second="58" amount="-7"/>
    <kerning first="116" second="59" amount="-7"/>
    <kerning first="116" second="65" amount="-6"/>
    <kerning first="116" second="67" amount="-5"/>
    <kerning first="116" second="68" amount="-1"/>
    <kerning first="116" second="69" amount="-2"/>
    <kerning first="116" second="71" amount="-4"/>
    <kerning first="116" second="72" amount="-1"/>
    <kerning first="116" second="74" amount="-6"/>
    <kerning first="116" second="76" amount="-1"/>
    <kerning first="116" second="77" amount="-3"/>
    <kerning first="116" second="78" amount="-1"/>
    <kerning first="116" second="79" amount="-4"/>
    <kerning first="116" second="80" amount="-1"/>
    <kerning first="116" second="81" amount="-4"/>
    <kerning first="116" second="82" amount="-2"/>
    <kerning first="116" second="83" amount="-1"/>
    <kerning first="116" second="89" amount="-1"/>
    <kerning first="116" second="90" amount="-2"/>
    <kerning first="116" second="97" amount="-6"/>
    <kerning first="116" second="99" amount="-5"/>
    <kerning first="116" second="100" amount="-1"/>
    <kerning first="116" second="101" amount="-2"/>
    <kerning first="116" second="103" amount="-4"/>
    <kerning first="116" second="104" amount="-1"/>
    <kerning first="116" second="106" amount="-6"/>
    <kerning first="116" second="108" amount="-1"/>
    <kerning first="116" second="109" amount="-3"/>
    <kerning first="116" second="110" amount="-1"/>
    <kerning first="116" second="111" amount="-4"/>
    <kerning first="116" second="112" amount="-1"/>
    <kerning first="116" second="113" amount="-4"/>
    <kerning first="116" second="114" amount="-2"/>
    <kerning first="116" second="115" amount="-1"/>
    <kerning first="116" second="117" amount="-1"/>
    <kerning first="116" second="119" amount="-1"/>
    <kerning first="116" second="121" amount="-1"/>
    <kerning first="116" second="122" amount="-2"/>
    <kerning first="117" second="46" amount="-2"/>
    <kerning first="117" second="65" amount="-2"/>
    <kerning first="117" second="74" amount="-1"/>
    <kerning first="117" second="97" amount="-2"/>
    <kerning first="117" second="103" amount="2"/>
    <kerning first="117" second="106" amount="-1"/>
    <kerning first="118" second="44" amount="-6"/>
    <kerning first="118" second="45" amount="-3"/>
    <kerning first="118" second="46" amount="-8"/>
    <kerning first="118" second="58" amount="-3"/>
    <kerning first="118" second="59" amount="-3"/>
    <kerning first="118" second="65" amount="-3"/>
    <kerning first="118" second="67" amount="-1"/>
    <kerning first="118" second="69" amount="-2"/>
    <kerning first="118" second="71" amount="-2"/>
    <kerning first="118" second="74" amount="-4"/>
    <kerning first="118" second="77" amount="-2"/>
    <kerning first="118" second="79" amount="-1"/>
    <kerning first="118" second="82" amount="-2"/>
    <kerning first="118" second="85" amount="-2"/>
    <kerning first="118" second="88" amount="-1"/>
    <kerning first="118" second="97" amount="-3"/>
    <kerning first="118" second="99" amount="-1"/>
    <kerning first="118" second="103" amount="-2"/>
    <kerning first="118" second="105" amount="-1"/>
    <kerning first="118" second="106" amount="-4"/>
    <kerning first="118" second="108" amount="-1"/>
    <kerning first="118" second="109" amount="-2"/>
    <kerning first="118" second="111" amount="-1"/>
    <kerning first="118" second="114" amount="-1"/>
    <kerning first="118" second="117" amount="-2"/>
    <kerning first="118" second="120" amount="-1"/>
    <kerning first="119" second="44" amount="-4"/>
    <kerning first="119" second="46" amount="-4"/>
    <kerning first="119" second="58" amount="-1"/>
    <kerning first="119" second="59" amount="-1"/>
    <kerning first="119" second="65" amount="-2"/>
    <kerning first="119" second="67" amount="-1"/>
    <kerning first="119" second="68" amount="-1"/>
    <kerning first="119" second="71" amount="-2"/>
    <kerning first="119" second="74" amount="-2"/>
    <kerning first="119" second="77" amount="-2"/>
    <kerning first="119" second="82" amount="-2"/>
    <kerning first="119" second="97" amount="-2"/>
    <kerning first="119" second="99" amount="-1"/>
    <kerning first="119" second="100" amount="-1"/>
    <kerning first="119" second="103" amount="-2"/>
    <kerning first="119" second="106" amount="-2"/>
    <kerning first="119" second="109" amount="-2"/>
    <kerning first="119" second="111" amount="-1"/>
    <kerning first="119" second="114" amount="-2"/>
    <kerning first="119" second="117" amount="-1"/>
    <kerning first="120" second="67" amount="-2"/>
    <kerning first="120" second="79" amount="-1"/>
    <kerning first="120" second="81" amount="-2"/>
    <kerning first="120" second="82" amount="-2"/>
    <kerning first="120" second="89" amount="-2"/>
    <kerning first="120" second="99" amount="-2"/>
    <kerning first="120" second="111" amount="-1"/>
    <kerning first="120" second="113" amount="-2"/>
    <kerning first="120" second="114" amount="-2"/>
    <kerning first="120" second="121" amount="-2"/>
    <kerning first="121" second="44" amount="-8"/>
    <kerning first="121" second="45" amount="-7"/>
    <kerning first="121" second="46" amount="-8"/>
    <kerning first="121" second="58" amount="-6"/>
    <kerning first="121" second="59" amount="-6"/>
    <kerning first="121" second="65" amount="-5"/>
    <kerning first="121" second="66" amount="-2"/>
    <kerning first="121" second="68" amount="-2"/>
    <kerning first="121" second="71" amount="-2"/>
    <kerning first="121" second="74" amount="-4"/>
    <kerning first="121" second="77" amount="-1"/>
    <kerning first="121" second="82" amount="-1"/>
    <kerning first="121" second="97" amount="-5"/>
    <kerning first="121" second="98" amount="-2"/>
    <kerning first="121" second="100" amount="-2"/>
    <kerning first="121" second="103" amount="-2"/>
    <kerning first="121" second="105" amount="-2"/>
    <kerning first="121" second="106" amount="-4"/>
    <kerning first="121" second="109" amount="-1"/>
    <kerning first="121" second="111" amount="-2"/>
    <kerning first="121" second="112" amount="-4"/>
    <kerning first="121" second="113" amount="-6"/>
    <kerning first="121" second="114" amount="-1"/>
    <kerning first="121" second="118" amount="1"/>
    <kerning first="122" second="97" amount="1"/>
    <kerning first="122" second="103" amount="-1"/>
    <kerning first="122" second="111" amount="-1"/>
    <kerning first="122" second="118" amount="1"/>
  </kernings>
</font>