<font>
  <info face="large_white_bold" size="70" bold="1" italic="0" charset="" unicode="" stretchH="100" smooth="1" aa="1" padding="2,2,2,2" spacing="0,0" outline="0"/>
  <common lineHeight="70" base="64" scaleW="512" scaleH="512" pages="1" packed="0"/>
  <pages>
    <page id="0" file="large_white_bold.png"/>
  </pages>
  <chars count="90">
    <char id="97" x="2" y="2" width="46" height="53" xoffset="1" yoffset="12" xadvance="48" page="0" chnl="15"/>
    <char id="98" x="2" y="57" width="44" height="53" xoffset="2" yoffset="11" xadvance="50" page="0" chnl="15"/>
    <char id="99" x="2" y="112" width="46" height="53" xoffset="3" yoffset="12" xadvance="54" page="0" chnl="15"/>
    <char id="100" x="48" y="57" width="46" height="53" xoffset="4" yoffset="11" xadvance="55" page="0" chnl="15"/>
    <char id="101" x="50" y="2" width="41" height="53" xoffset="4" yoffset="12" xadvance="48" page="0" chnl="15"/>
    <char id="102" x="93" y="2" width="40" height="52" xoffset="4" yoffset="12" xadvance="46" page="0" chnl="15"/>
    <char id="103" x="2" y="167" width="48" height="53" xoffset="2" yoffset="11" xadvance="54" page="0" chnl="15"/>
    <char id="104" x="2" y="222" width="43" height="54" xoffset="5" yoffset="11" xadvance="53" page="0" chnl="15"/>
    <char id="105" x="50" y="112" width="12" height="53" xoffset="5" yoffset="11" xadvance="21" page="0" chnl="15"/>
    <char id="106" x="2" y="278" width="34" height="53" xoffset="1" yoffset="11" xadvance="38" page="0" chnl="15"/>
    <char id="107" x="2" y="333" width="41" height="54" xoffset="5" yoffset="11" xadvance="47" page="0" chnl="15"/>
    <char id="108" x="38" y="278" width="36" height="53" xoffset="4" yoffset="11" xadvance="43" page="0" chnl="15"/>
    <char id="109" x="47" y="222" width="54" height="54" xoffset="4" yoffset="11" xadvance="63" page="0" chnl="15"/>
    <char id="110" x="52" y="167" width="43" height="53" xoffset="5" yoffset="11" xadvance="54" page="0" chnl="15"/>
    <char id="111" x="64" y="112" width="52" height="53" xoffset="2" yoffset="11" xadvance="56" page="0" chnl="15"/>
    <char id="112" x="96" y="56" width="43" height="54" xoffset="4" yoffset="11" xadvance="49" page="0" chnl="15"/>
    <char id="113" x="2" y="389" width="52" height="55" xoffset="2" yoffset="11" xadvance="57" page="0" chnl="15"/>
    <char id="114" x="45" y="333" width="43" height="54" xoffset="5" yoffset="11" xadvance="51" page="0" chnl="15"/>
    <char id="115" x="97" y="167" width="41" height="53" xoffset="3" yoffset="12" xadvance="46" page="0" chnl="15"/>
    <char id="116" x="2" y="446" width="41" height="54" xoffset="1" yoffset="10" xadvance="45" page="0" chnl="15"/>
    <char id="117" x="118" y="112" width="43" height="53" xoffset="4" yoffset="12" xadvance="52" page="0" chnl="15"/>
    <char id="118" x="135" y="2" width="44" height="52" xoffset="1" yoffset="12" xadvance="47" page="0" chnl="15"/>
    <char id="119" x="141" y="56" width="63" height="54" xoffset="2" yoffset="11" xadvance="67" page="0" chnl="15"/>
    <char id="120" x="45" y="446" width="45" height="54" xoffset="1" yoffset="11" xadvance="48" page="0" chnl="15"/>
    <char id="121" x="76" y="278" width="42" height="53" xoffset="3" yoffset="11" xadvance="47" page="0" chnl="15"/>
    <char id="122" x="181" y="2" width="41" height="51" xoffset="1" yoffset="12" xadvance="45" page="0" chnl="15"/>
    <char id="65" x="103" y="222" width="46" height="53" xoffset="1" yoffset="12" xadvance="48" page="0" chnl="15"/>
    <char id="66" x="140" y="167" width="44" height="53" xoffset="2" yoffset="11" xadvance="50" page="0" chnl="15"/>
    <char id="67" x="163" y="112" width="46" height="53" xoffset="3" yoffset="12" xadvance="54" page="0" chnl="15"/>
    <char id="68" x="206" y="55" width="46" height="53" xoffset="4" yoffset="11" xadvance="55" page="0" chnl="15"/>
    <char id="69" x="56" y="389" width="41" height="53" xoffset="4" yoffset="12" xadvance="48" page="0" chnl="15"/>
    <char id="70" x="90" y="333" width="40" height="52" xoffset="4" yoffset="12" xadvance="46" page="0" chnl="15"/>
    <char id="71" x="120" y="277" width="48" height="53" xoffset="2" yoffset="11" xadvance="54" page="0" chnl="15"/>
    <char id="72" x="92" y="444" width="43" height="54" xoffset="5" yoffset="11" xadvance="53" page="0" chnl="15"/>
    <char id="73" x="151" y="222" width="12" height="53" xoffset="5" yoffset="11" xadvance="21" page="0" chnl="15"/>
    <char id="74" x="165" y="222" width="34" height="53" xoffset="1" yoffset="11" xadvance="38" page="0" chnl="15"/>
    <char id="75" x="99" y="387" width="41" height="54" xoffset="5" yoffset="11" xadvance="47" page="0" chnl="15"/>
    <char id="76" x="186" y="167" width="36" height="53" xoffset="4" yoffset="11" xadvance="43" page="0" chnl="15"/>
    <char id="77" x="211" y="110" width="54" height="54" xoffset="3" yoffset="11" xadvance="62" page="0" chnl="15"/>
    <char id="78" x="132" y="332" width="43" height="53" xoffset="5" yoffset="11" xadvance="54" page="0" chnl="15"/>
    <char id="79" x="170" y="277" width="52" height="53" xoffset="2" yoffset="11" xadvance="56" page="0" chnl="15"/>
    <char id="80" x="137" y="443" width="43" height="54" xoffset="4" yoffset="11" xadvance="49" page="0" chnl="15"/>
    <char id="81" x="254" y="2" width="52" height="55" xoffset="2" yoffset="11" xadvance="57" page="0" chnl="15"/>
    <char id="82" x="142" y="387" width="43" height="54" xoffset="5" yoffset="11" xadvance="51" page="0" chnl="15"/>
    <char id="83" x="201" y="222" width="41" height="53" xoffset="3" yoffset="12" xadvance="46" page="0" chnl="15"/>
    <char id="84" x="224" y="166" width="41" height="54" xoffset="1" yoffset="10" xadvance="45" page="0" chnl="15"/>
    <char id="85" x="177" y="332" width="43" height="53" xoffset="4" yoffset="12" xadvance="52" page="0" chnl="15"/>
    <char id="86" x="182" y="443" width="44" height="52" xoffset="1" yoffset="12" xadvance="47" page="0" chnl="15"/>
    <char id="87" x="187" y="387" width="63" height="54" xoffset="2" yoffset="11" xadvance="67" page="0" chnl="15"/>
    <char id="88" x="228" y="443" width="45" height="54" xoffset="1" yoffset="11" xadvance="48" page="0" chnl="15"/>
    <char id="89" x="222" y="332" width="42" height="53" xoffset="3" yoffset="11" xadvance="47" page="0" chnl="15"/>
    <char id="90" x="224" y="277" width="41" height="51" xoffset="1" yoffset="12" xadvance="45" page="0" chnl="15"/>
    <char id="33" x="252" y="387" width="16" height="54" xoffset="2" yoffset="11" xadvance="21" page="0" chnl="15"/>
    <char id="8470" x="266" y="330" width="47" height="54" xoffset="5" yoffset="11" xadvance="55" page="0" chnl="15"/>
    <char id="59" x="244" y="222" width="14" height="53" xoffset="2" yoffset="22" xadvance="19" page="0" chnl="15"/>
    <char id="37" x="260" y="222" width="57" height="53" xoffset="3" yoffset="12" xadvance="63" page="0" chnl="15"/>
    <char id="58" x="254" y="59" width="14" height="42" xoffset="2" yoffset="22" xadvance="19" page="0" chnl="15"/>
    <char id="63" x="270" y="386" width="35" height="54" xoffset="2" yoffset="11" xadvance="40" page="0" chnl="15"/>
    <char id="42" x="267" y="277" width="30" height="28" xoffset="1" yoffset="10" xadvance="32" page="0" chnl="15"/>
    <char id="40" x="267" y="103" width="20" height="70" xoffset="4" yoffset="6" xadvance="25" page="0" chnl="15"/>
    <char id="41" x="307" y="386" width="20" height="70" xoffset="2" yoffset="5" xadvance="25" page="0" chnl="15"/>
    <char id="95" x="182" y="497" width="44" height="7" xoffset="-2" yoffset="68" xadvance="40" page="0" chnl="15"/>
    <char id="43" x="270" y="59" width="41" height="41" xoffset="2" yoffset="16" xadvance="46" page="0" chnl="15"/>
    <char id="45" x="137" y="499" width="22" height="11" xoffset="3" yoffset="31" xadvance="27" page="0" chnl="15"/>
    <char id="61" x="267" y="175" width="41" height="29" xoffset="2" yoffset="25" xadvance="46" page="0" chnl="15"/>
    <char id="46" x="267" y="206" width="14" height="13" xoffset="2" yoffset="52" xadvance="19" page="0" chnl="15"/>
    <char id="44" x="224" y="2" width="14" height="23" xoffset="2" yoffset="52" xadvance="19" page="0" chnl="15"/>
    <char id="47" x="275" y="442" width="30" height="61" xoffset="-2" yoffset="8" xadvance="26" page="0" chnl="15"/>
    <char id="124" x="289" y="102" width="11" height="71" xoffset="6" yoffset="3" xadvance="23" page="0" chnl="15"/>
    <char id="34" x="224" y="27" width="28" height="20" xoffset="2" yoffset="12" xadvance="32" page="0" chnl="15"/>
    <char id="39" x="267" y="307" width="13" height="20" xoffset="2" yoffset="12" xadvance="17" page="0" chnl="15"/>
    <char id="64" x="302" y="102" width="65" height="64" xoffset="6" yoffset="6" xadvance="76" page="0" chnl="15"/>
    <char id="35" x="308" y="2" width="49" height="53" xoffset="3" yoffset="11" xadvance="55" page="0" chnl="15"/>
    <char id="36" x="359" y="2" width="41" height="64" xoffset="3" yoffset="6" xadvance="47" page="0" chnl="15"/>
    <char id="94" x="313" y="68" width="33" height="31" xoffset="1" yoffset="13" xadvance="34" page="0" chnl="15"/>
    <char id="38" x="315" y="277" width="46" height="56" xoffset="3" yoffset="11" xadvance="52" page="0" chnl="15"/>
    <char id="123" x="319" y="168" width="26" height="76" xoffset="-2" yoffset="0" xadvance="24" page="0" chnl="15"/>
    <char id="125" x="347" y="168" width="26" height="76" xoffset="1" yoffset="0" xadvance="24" page="0" chnl="15"/>
    <char id="91" x="369" y="68" width="22" height="76" xoffset="4" yoffset="0" xadvance="27" page="0" chnl="15"/>
    <char id="93" x="329" y="335" width="22" height="76" xoffset="1" yoffset="0" xadvance="27" page="0" chnl="15"/>
    <char id="49" x="307" y="458" width="28" height="52" xoffset="3" yoffset="11" xadvance="33" page="0" chnl="15"/>
    <char id="50" x="337" y="413" width="39" height="52" xoffset="3" yoffset="12" xadvance="45" page="0" chnl="15"/>
    <char id="51" x="353" y="335" width="39" height="53" xoffset="2" yoffset="12" xadvance="44" page="0" chnl="15"/>
    <char id="52" x="363" y="246" width="40" height="54" xoffset="2" yoffset="11" xadvance="44" page="0" chnl="15"/>
    <char id="53" x="375" y="146" width="38" height="53" xoffset="3" yoffset="11" xadvance="43" page="0" chnl="15"/>
    <char id="54" x="393" y="68" width="40" height="53" xoffset="3" yoffset="12" xadvance="46" page="0" chnl="15"/>
    <char id="55" x="402" y="2" width="36" height="53" xoffset="0" yoffset="11" xadvance="37" page="0" chnl="15"/>
    <char id="56" x="378" y="390" width="41" height="53" xoffset="3" yoffset="12" xadvance="46" page="0" chnl="15"/>
    <char id="57" x="378" y="445" width="39" height="54" xoffset="3" yoffset="11" xadvance="44" page="0" chnl="15"/>
    <char id="48" x="419" y="445" width="43" height="53" xoffset="3" yoffset="12" xadvance="48" page="0" chnl="15"/>
    <char id="32" x="0" y="0" width="0" height="0" xoffset="3" yoffset="12" xadvance="19" page="0" chnl="15"/>
  </chars>
  <kernings count="552">
    <kerning first="65" second="65" amount="1"/>
    <kerning first="65" second="74" amount="1"/>
    <kerning first="65" second="82" amount="-1"/>
    <kerning first="65" second="84" amount="-7"/>
    <kerning first="65" second="86" amount="-4"/>
    <kerning first="65" second="87" amount="-2"/>
    <kerning first="65" second="89" amount="-6"/>
    <kerning first="65" second="90" amount="1"/>
    <kerning first="65" second="109" amount="1"/>
    <kerning first="65" second="112" amount="-3"/>
    <kerning first="65" second="114" amount="-1"/>
    <kerning first="65" second="116" amount="-7"/>
    <kerning first="65" second="117" amount="-1"/>
    <kerning first="65" second="118" amount="-4"/>
    <kerning first="65" second="119" amount="-2"/>
    <kerning first="65" second="120" amount="1"/>
    <kerning first="65" second="121" amount="-6"/>
    <kerning first="66" second="65" amount="-3"/>
    <kerning first="66" second="78" amount="-1"/>
    <kerning first="66" second="86" amount="-2"/>
    <kerning first="66" second="87" amount="-1"/>
    <kerning first="66" second="88" amount="-3"/>
    <kerning first="66" second="90" amount="-1"/>
    <kerning first="66" second="97" amount="-3"/>
    <kerning first="66" second="118" amount="-2"/>
    <kerning first="66" second="119" amount="-1"/>
    <kerning first="66" second="120" amount="-3"/>
    <kerning first="67" second="97" amount="-4"/>
    <kerning first="67" second="101" amount="0"/>
    <kerning first="67" second="113" amount="-3"/>
    <kerning first="67" second="117" amount="-1"/>
    <kerning first="68" second="65" amount="-4"/>
    <kerning first="68" second="74" amount="-2"/>
    <kerning first="68" second="81" amount="1"/>
    <kerning first="68" second="82" amount="-2"/>
    <kerning first="68" second="88" amount="-4"/>
    <kerning first="68" second="90" amount="-3"/>
    <kerning first="68" second="97" amount="-3"/>
    <kerning first="68" second="106" amount="-2"/>
    <kerning first="68" second="114" amount="-2"/>
    <kerning first="68" second="120" amount="-4"/>
    <kerning first="68" second="122" amount="-3"/>
    <kerning first="70" second="44" amount="-11"/>
    <kerning first="70" second="46" amount="-11"/>
    <kerning first="70" second="65" amount="-4"/>
    <kerning first="70" second="69" amount="-2"/>
    <kerning first="70" second="74" amount="-5"/>
    <kerning first="70" second="82" amount="-1"/>
    <kerning first="70" second="97" amount="-4"/>
    <kerning first="70" second="101" amount="-2"/>
    <kerning first="70" second="106" amount="-5"/>
    <kerning first="70" second="111" amount="-1"/>
    <kerning first="70" second="114" amount="-1"/>
    <kerning first="71" second="46" amount="-2"/>
    <kerning first="71" second="81" amount="1"/>
    <kerning first="71" second="82" amount="-2"/>
    <kerning first="71" second="88" amount="-1"/>
    <kerning first="71" second="114" amount="-2"/>
    <kerning first="71" second="120" amount="-1"/>
    <kerning first="74" second="44" amount="-2"/>
    <kerning first="74" second="46" amount="-2"/>
    <kerning first="74" second="65" amount="-1"/>
    <kerning first="74" second="79" amount="1"/>
    <kerning first="75" second="65" amount="1"/>
    <kerning first="75" second="67" amount="-1"/>
    <kerning first="75" second="79" amount="-1"/>
    <kerning first="75" second="85" amount="-1"/>
    <kerning first="75" second="97" amount="1"/>
    <kerning first="75" second="99" amount="-1"/>
    <kerning first="75" second="111" amount="-1"/>
    <kerning first="75" second="117" amount="-1"/>
    <kerning first="76" second="66" amount="-1"/>
    <kerning first="76" second="67" amount="-2"/>
    <kerning first="76" second="68" amount="-3"/>
    <kerning first="76" second="69" amount="-3"/>
    <kerning first="76" second="70" amount="-2"/>
    <kerning first="76" second="71" amount="-2"/>
    <kerning first="76" second="75" amount="-3"/>
    <kerning first="76" second="79" amount="-2"/>
    <kerning first="76" second="81" amount="-2"/>
    <kerning first="76" second="82" amount="-4"/>
    <kerning first="76" second="84" amount="-7"/>
    <kerning first="76" second="85" amount="-3"/>
    <kerning first="76" second="86" amount="-5"/>
    <kerning first="76" second="87" amount="-7"/>
    <kerning first="76" second="89" amount="-6"/>
    <kerning first="76" second="98" amount="-1"/>
    <kerning first="76" second="99" amount="-1"/>
    <kerning first="76" second="100" amount="-3"/>
    <kerning first="76" second="101" amount="-3"/>
    <kerning first="76" second="102" amount="-2"/>
    <kerning first="76" second="103" amount="-2"/>
    <kerning first="76" second="107" amount="-3"/>
    <kerning first="76" second="111" amount="-3"/>
    <kerning first="76" second="113" amount="-2"/>
    <kerning first="76" second="114" amount="-4"/>
    <kerning first="76" second="116" amount="-7"/>
    <kerning first="76" second="117" amount="-3"/>
    <kerning first="76" second="118" amount="-5"/>
    <kerning first="76" second="119" amount="-7"/>
    <kerning first="76" second="121" amount="-6"/>
    <kerning first="77" second="112" amount="-1"/>
    <kerning first="79" second="44" amount="-2"/>
    <kerning first="79" second="46" amount="-2"/>
    <kerning first="79" second="67" amount="1"/>
    <kerning first="79" second="71" amount="1"/>
    <kerning first="79" second="79" amount="1"/>
    <kerning first="79" second="81" amount="1"/>
    <kerning first="79" second="84" amount="-1"/>
    <kerning first="79" second="88" amount="-1"/>
    <kerning first="79" second="90" amount="-1"/>
    <kerning first="79" second="111" amount="1"/>
    <kerning first="79" second="116" amount="-1"/>
    <kerning first="79" second="120" amount="-1"/>
    <kerning first="79" second="122" amount="-3"/>
    <kerning first="80" second="44" amount="-13"/>
    <kerning first="80" second="46" amount="-13"/>
    <kerning first="80" second="65" amount="-7"/>
    <kerning first="80" second="71" amount="-1"/>
    <kerning first="80" second="74" amount="-9"/>
    <kerning first="80" second="76" amount="-1"/>
    <kerning first="80" second="88" amount="-1"/>
    <kerning first="80" second="97" amount="-7"/>
    <kerning first="80" second="103" amount="-1"/>
    <kerning first="80" second="106" amount="-9"/>
    <kerning first="80" second="108" amount="-1"/>
    <kerning first="80" second="120" amount="-1"/>
    <kerning first="81" second="71" amount="1"/>
    <kerning first="81" second="79" amount="1"/>
    <kerning first="81" second="84" amount="-2"/>
    <kerning first="81" second="85" amount="1"/>
    <kerning first="81" second="116" amount="-2"/>
    <kerning first="82" second="65" amount="1"/>
    <kerning first="82" second="67" amount="-1"/>
    <kerning first="83" second="84" amount="-1"/>
    <kerning first="83" second="86" amount="-1"/>
    <kerning first="83" second="87" amount="-1"/>
    <kerning first="83" second="107" amount="1"/>
    <kerning first="83" second="111" amount="3"/>
    <kerning first="83" second="116" amount="-1"/>
    <kerning first="83" second="117" amount="2"/>
    <kerning first="83" second="118" amount="-1"/>
    <kerning first="83" second="119" amount="-1"/>
    <kerning first="84" second="44" amount="-7"/>
    <kerning first="84" second="45" amount="-9"/>
    <kerning first="84" second="46" amount="-8"/>
    <kerning first="84" second="58" amount="-8"/>
    <kerning first="84" second="59" amount="-8"/>
    <kerning first="84" second="65" amount="-7"/>
    <kerning first="84" second="67" amount="-6"/>
    <kerning first="84" second="68" amount="-1"/>
    <kerning first="84" second="69" amount="-2"/>
    <kerning first="84" second="71" amount="-4"/>
    <kerning first="84" second="72" amount="-1"/>
    <kerning first="84" second="73" amount="-1"/>
    <kerning first="84" second="74" amount="-7"/>
    <kerning first="84" second="76" amount="-1"/>
    <kerning first="84" second="77" amount="-4"/>
    <kerning first="84" second="78" amount="-1"/>
    <kerning first="84" second="79" amount="-5"/>
    <kerning first="84" second="80" amount="-1"/>
    <kerning first="84" second="81" amount="-4"/>
    <kerning first="84" second="82" amount="-3"/>
    <kerning first="84" second="83" amount="-1"/>
    <kerning first="84" second="85" amount="-1"/>
    <kerning first="84" second="89" amount="-1"/>
    <kerning first="84" second="90" amount="-3"/>
    <kerning first="84" second="97" amount="-7"/>
    <kerning first="84" second="99" amount="-6"/>
    <kerning first="84" second="100" amount="-1"/>
    <kerning first="84" second="101" amount="-2"/>
    <kerning first="84" second="103" amount="-4"/>
    <kerning first="84" second="104" amount="-1"/>
    <kerning first="84" second="105" amount="-1"/>
    <kerning first="84" second="106" amount="-7"/>
    <kerning first="84" second="108" amount="-1"/>
    <kerning first="84" second="109" amount="-4"/>
    <kerning first="84" second="110" amount="-1"/>
    <kerning first="84" second="111" amount="-5"/>
    <kerning first="84" second="112" amount="-1"/>
    <kerning first="84" second="113" amount="-4"/>
    <kerning first="84" second="114" amount="-3"/>
    <kerning first="84" second="115" amount="-1"/>
    <kerning first="84" second="117" amount="-3"/>
    <kerning first="84" second="119" amount="-1"/>
    <kerning first="84" second="121" amount="-1"/>
    <kerning first="84" second="122" amount="-3"/>
    <kerning first="85" second="46" amount="-2"/>
    <kerning first="85" second="65" amount="-3"/>
    <kerning first="85" second="74" amount="-1"/>
    <kerning first="85" second="97" amount="-3"/>
    <kerning first="85" second="106" amount="-1"/>
    <kerning first="86" second="44" amount="-7"/>
    <kerning first="86" second="45" amount="-4"/>
    <kerning first="86" second="46" amount="-9"/>
    <kerning first="86" second="58" amount="-3"/>
    <kerning first="86" second="59" amount="-3"/>
    <kerning first="86" second="65" amount="-4"/>
    <kerning first="86" second="67" amount="-1"/>
    <kerning first="86" second="71" amount="-2"/>
    <kerning first="86" second="74" amount="-5"/>
    <kerning first="86" second="76" amount="-1"/>
    <kerning first="86" second="77" amount="-3"/>
    <kerning first="86" second="79" amount="-1"/>
    <kerning first="86" second="82" amount="-3"/>
    <kerning first="86" second="85" amount="-2"/>
    <kerning first="86" second="88" amount="-1"/>
    <kerning first="86" second="97" amount="-4"/>
    <kerning first="86" second="99" amount="-1"/>
    <kerning first="86" second="101" amount="-3"/>
    <kerning first="86" second="103" amount="-2"/>
    <kerning first="86" second="105" amount="-1"/>
    <kerning first="86" second="106" amount="-5"/>
    <kerning first="86" second="109" amount="-3"/>
    <kerning first="86" second="111" amount="-1"/>
    <kerning first="86" second="114" amount="-3"/>
    <kerning first="86" second="117" amount="-2"/>
    <kerning first="86" second="120" amount="-1"/>
    <kerning first="86" second="121" amount="-1"/>
    <kerning first="87" second="44" amount="-5"/>
    <kerning first="87" second="46" amount="-5"/>
    <kerning first="87" second="58" amount="-1"/>
    <kerning first="87" second="59" amount="-1"/>
    <kerning first="87" second="65" amount="-2"/>
    <kerning first="87" second="67" amount="-1"/>
    <kerning first="87" second="68" amount="-1"/>
    <kerning first="87" second="71" amount="-2"/>
    <kerning first="87" second="74" amount="-2"/>
    <kerning first="87" second="77" amount="-2"/>
    <kerning first="87" second="82" amount="-2"/>
    <kerning first="87" second="97" amount="-2"/>
    <kerning first="87" second="99" amount="-1"/>
    <kerning first="87" second="100" amount="-1"/>
    <kerning first="87" second="101" amount="-1"/>
    <kerning first="87" second="103" amount="-2"/>
    <kerning first="87" second="106" amount="-2"/>
    <kerning first="87" second="109" amount="-2"/>
    <kerning first="87" second="111" amount="-1"/>
    <kerning first="87" second="114" amount="-2"/>
    <kerning first="87" second="117" amount="-1"/>
    <kerning first="88" second="65" amount="1"/>
    <kerning first="88" second="67" amount="-3"/>
    <kerning first="88" second="79" amount="-1"/>
    <kerning first="88" second="81" amount="-2"/>
    <kerning first="88" second="82" amount="-3"/>
    <kerning first="88" second="85" amount="-1"/>
    <kerning first="88" second="89" amount="-2"/>
    <kerning first="88" second="99" amount="-3"/>
    <kerning first="88" second="111" amount="-1"/>
    <kerning first="88" second="113" amount="-2"/>
    <kerning first="88" second="114" amount="-3"/>
    <kerning first="88" second="117" amount="-1"/>
    <kerning first="88" second="121" amount="-2"/>
    <kerning first="89" second="44" amount="-10"/>
    <kerning first="89" second="45" amount="-8"/>
    <kerning first="89" second="46" amount="-10"/>
    <kerning first="89" second="58" amount="-6"/>
    <kerning first="89" second="59" amount="-6"/>
    <kerning first="89" second="65" amount="-6"/>
    <kerning first="89" second="66" amount="-3"/>
    <kerning first="89" second="68" amount="-2"/>
    <kerning first="89" second="71" amount="-2"/>
    <kerning first="89" second="74" amount="-5"/>
    <kerning first="89" second="77" amount="-2"/>
    <kerning first="89" second="82" amount="-1"/>
    <kerning first="89" second="97" amount="-6"/>
    <kerning first="89" second="98" amount="-3"/>
    <kerning first="89" second="100" amount="-2"/>
    <kerning first="89" second="101" amount="-2"/>
    <kerning first="89" second="103" amount="-2"/>
    <kerning first="89" second="105" amount="-3"/>
    <kerning first="89" second="106" amount="-5"/>
    <kerning first="89" second="109" amount="-2"/>
    <kerning first="89" second="111" amount="-2"/>
    <kerning first="89" second="112" amount="-5"/>
    <kerning first="89" second="113" amount="-6"/>
    <kerning first="89" second="114" amount="-1"/>
    <kerning first="89" second="118" amount="1"/>
    <kerning first="89" second="122" amount="-3"/>
    <kerning first="90" second="65" amount="1"/>
    <kerning first="90" second="71" amount="-1"/>
    <kerning first="90" second="79" amount="-1"/>
    <kerning first="90" second="103" amount="-1"/>
    <kerning first="90" second="111" amount="-2"/>
    <kerning first="97" second="65" amount="1"/>
    <kerning first="97" second="82" amount="-1"/>
    <kerning first="97" second="84" amount="-7"/>
    <kerning first="97" second="86" amount="-4"/>
    <kerning first="97" second="87" amount="-2"/>
    <kerning first="97" second="89" amount="-4"/>
    <kerning first="97" second="97" amount="1"/>
    <kerning first="97" second="106" amount="1"/>
    <kerning first="97" second="112" amount="-3"/>
    <kerning first="97" second="114" amount="-1"/>
    <kerning first="97" second="116" amount="-7"/>
    <kerning first="97" second="117" amount="-1"/>
    <kerning first="97" second="118" amount="-4"/>
    <kerning first="97" second="119" amount="-2"/>
    <kerning first="97" second="120" amount="1"/>
    <kerning first="97" second="121" amount="-4"/>
    <kerning first="97" second="122" amount="1"/>
    <kerning first="98" second="65" amount="-3"/>
    <kerning first="98" second="86" amount="-2"/>
    <kerning first="98" second="87" amount="-1"/>
    <kerning first="98" second="88" amount="-3"/>
    <kerning first="98" second="97" amount="-3"/>
    <kerning first="98" second="110" amount="-1"/>
    <kerning first="98" second="118" amount="-1"/>
    <kerning first="98" second="119" amount="-1"/>
    <kerning first="98" second="120" amount="-3"/>
    <kerning first="98" second="122" amount="-1"/>
    <kerning first="99" second="101" amount="0"/>
    <kerning first="99" second="111" amount="-2"/>
    <kerning first="99" second="113" amount="-3"/>
    <kerning first="99" second="117" amount="-1"/>
    <kerning first="100" second="65" amount="-3"/>
    <kerning first="100" second="74" amount="-2"/>
    <kerning first="100" second="82" amount="-2"/>
    <kerning first="100" second="88" amount="-4"/>
    <kerning first="100" second="90" amount="-3"/>
    <kerning first="100" second="97" amount="-4"/>
    <kerning first="100" second="106" amount="-2"/>
    <kerning first="100" second="108" amount="-1"/>
    <kerning first="100" second="113" amount="1"/>
    <kerning first="100" second="114" amount="-2"/>
    <kerning first="100" second="120" amount="-4"/>
    <kerning first="100" second="122" amount="-3"/>
    <kerning first="102" second="44" amount="-11"/>
    <kerning first="102" second="46" amount="-11"/>
    <kerning first="102" second="65" amount="-4"/>
    <kerning first="102" second="69" amount="-2"/>
    <kerning first="102" second="74" amount="-5"/>
    <kerning first="102" second="82" amount="-1"/>
    <kerning first="102" second="97" amount="-4"/>
    <kerning first="102" second="101" amount="-2"/>
    <kerning first="102" second="106" amount="-5"/>
    <kerning first="102" second="111" amount="-1"/>
    <kerning first="102" second="114" amount="-1"/>
    <kerning first="103" second="46" amount="-2"/>
    <kerning first="103" second="82" amount="-2"/>
    <kerning first="103" second="88" amount="-1"/>
    <kerning first="103" second="100" amount="-1"/>
    <kerning first="103" second="114" amount="-2"/>
    <kerning first="103" second="120" amount="-1"/>
    <kerning first="106" second="44" amount="-2"/>
    <kerning first="106" second="46" amount="-2"/>
    <kerning first="106" second="97" amount="-1"/>
    <kerning first="106" second="111" amount="1"/>
    <kerning first="107" second="67" amount="-1"/>
    <kerning first="107" second="79" amount="-1"/>
    <kerning first="107" second="85" amount="-1"/>
    <kerning first="107" second="97" amount="1"/>
    <kerning first="107" second="99" amount="-1"/>
    <kerning first="107" second="111" amount="-1"/>
    <kerning first="107" second="117" amount="-1"/>
    <kerning first="108" second="66" amount="-1"/>
    <kerning first="108" second="67" amount="-1"/>
    <kerning first="108" second="68" amount="-3"/>
    <kerning first="108" second="69" amount="-3"/>
    <kerning first="108" second="70" amount="-2"/>
    <kerning first="108" second="71" amount="-2"/>
    <kerning first="108" second="75" amount="-3"/>
    <kerning first="108" second="81" amount="-2"/>
    <kerning first="108" second="82" amount="-4"/>
    <kerning first="108" second="84" amount="-7"/>
    <kerning first="108" second="85" amount="-3"/>
    <kerning first="108" second="86" amount="-5"/>
    <kerning first="108" second="87" amount="-7"/>
    <kerning first="108" second="89" amount="-6"/>
    <kerning first="108" second="98" amount="-1"/>
    <kerning first="108" second="99" amount="-2"/>
    <kerning first="108" second="100" amount="-3"/>
    <kerning first="108" second="101" amount="-3"/>
    <kerning first="108" second="102" amount="-2"/>
    <kerning first="108" second="103" amount="-2"/>
    <kerning first="108" second="107" amount="-3"/>
    <kerning first="108" second="110" amount="-1"/>
    <kerning first="108" second="111" amount="-2"/>
    <kerning first="108" second="113" amount="-2"/>
    <kerning first="108" second="114" amount="-4"/>
    <kerning first="108" second="116" amount="-7"/>
    <kerning first="108" second="117" amount="-3"/>
    <kerning first="108" second="118" amount="-5"/>
    <kerning first="108" second="119" amount="-7"/>
    <kerning first="108" second="121" amount="-6"/>
    <kerning first="109" second="65" amount="1"/>
    <kerning first="111" second="44" amount="-2"/>
    <kerning first="111" second="46" amount="-2"/>
    <kerning first="111" second="84" amount="-1"/>
    <kerning first="111" second="88" amount="-1"/>
    <kerning first="111" second="90" amount="-1"/>
    <kerning first="111" second="111" amount="1"/>
    <kerning first="111" second="113" amount="1"/>
    <kerning first="111" second="116" amount="-1"/>
    <kerning first="111" second="120" amount="-1"/>
    <kerning first="111" second="122" amount="-1"/>
    <kerning first="112" second="44" amount="-13"/>
    <kerning first="112" second="46" amount="-13"/>
    <kerning first="112" second="65" amount="-7"/>
    <kerning first="112" second="71" amount="-1"/>
    <kerning first="112" second="74" amount="-9"/>
    <kerning first="112" second="76" amount="-1"/>
    <kerning first="112" second="88" amount="-1"/>
    <kerning first="112" second="97" amount="-7"/>
    <kerning first="112" second="103" amount="-1"/>
    <kerning first="112" second="106" amount="-9"/>
    <kerning first="112" second="108" amount="-1"/>
    <kerning first="112" second="120" amount="-1"/>
    <kerning first="113" second="84" amount="-2"/>
    <kerning first="113" second="111" amount="1"/>
    <kerning first="113" second="116" amount="-2"/>
    <kerning first="113" second="117" amount="1"/>
    <kerning first="114" second="97" amount="1"/>
    <kerning first="114" second="99" amount="-1"/>
    <kerning first="115" second="86" amount="-1"/>
    <kerning first="115" second="87" amount="-1"/>
    <kerning first="115" second="107" amount="1"/>
    <kerning first="115" second="111" amount="3"/>
    <kerning first="115" second="116" amount="-1"/>
    <kerning first="115" second="118" amount="-1"/>
    <kerning first="115" second="119" amount="-1"/>
    <kerning first="116" second="44" amount="-7"/>
    <kerning first="116" second="45" amount="-9"/>
    <kerning first="116" second="46" amount="-8"/>
    <kerning first="116" second="58" amount="-8"/>
    <kerning first="116" second="59" amount="-8"/>
    <kerning first="116" second="65" amount="-7"/>
    <kerning first="116" second="67" amount="-6"/>
    <kerning first="116" second="68" amount="-1"/>
    <kerning first="116" second="69" amount="-2"/>
    <kerning first="116" second="71" amount="-4"/>
    <kerning first="116" second="72" amount="-1"/>
    <kerning first="116" second="74" amount="-7"/>
    <kerning first="116" second="76" amount="-1"/>
    <kerning first="116" second="77" amount="-4"/>
    <kerning first="116" second="78" amount="-1"/>
    <kerning first="116" second="79" amount="-5"/>
    <kerning first="116" second="80" amount="-1"/>
    <kerning first="116" second="81" amount="-4"/>
    <kerning first="116" second="82" amount="-3"/>
    <kerning first="116" second="83" amount="-1"/>
    <kerning first="116" second="89" amount="-1"/>
    <kerning first="116" second="90" amount="-3"/>
    <kerning first="116" second="97" amount="-7"/>
    <kerning first="116" second="99" amount="-6"/>
    <kerning first="116" second="100" amount="-1"/>
    <kerning first="116" second="101" amount="-2"/>
    <kerning first="116" second="103" amount="-4"/>
    <kerning first="116" second="104" amount="-1"/>
    <kerning first="116" second="106" amount="-7"/>
    <kerning first="116" second="108" amount="-1"/>
    <kerning first="116" second="109" amount="-4"/>
    <kerning first="116" second="110" amount="-1"/>
    <kerning first="116" second="111" amount="-5"/>
    <kerning first="116" second="112" amount="-1"/>
    <kerning first="116" second="113" amount="-4"/>
    <kerning first="116" second="114" amount="-3"/>
    <kerning first="116" second="115" amount="-1"/>
    <kerning first="116" second="117" amount="-1"/>
    <kerning first="116" second="119" amount="-1"/>
    <kerning first="116" second="121" amount="-1"/>
    <kerning first="116" second="122" amount="-3"/>
    <kerning first="117" second="46" amount="-2"/>
    <kerning first="117" second="65" amount="-3"/>
    <kerning first="117" second="74" amount="-1"/>
    <kerning first="117" second="97" amount="-3"/>
    <kerning first="117" second="103" amount="3"/>
    <kerning first="117" second="106" amount="-1"/>
    <kerning first="118" second="44" amount="-7"/>
    <kerning first="118" second="45" amount="-4"/>
    <kerning first="118" second="46" amount="-9"/>
    <kerning first="118" second="58" amount="-3"/>
    <kerning first="118" second="59" amount="-3"/>
    <kerning first="118" second="65" amount="-4"/>
    <kerning first="118" second="67" amount="-1"/>
    <kerning first="118" second="69" amount="-3"/>
    <kerning first="118" second="71" amount="-2"/>
    <kerning first="118" second="74" amount="-5"/>
    <kerning first="118" second="77" amount="-3"/>
    <kerning first="118" second="79" amount="-1"/>
    <kerning first="118" second="82" amount="-3"/>
    <kerning first="118" second="85" amount="-2"/>
    <kerning first="118" second="88" amount="-1"/>
    <kerning first="118" second="97" amount="-4"/>
    <kerning first="118" second="99" amount="-1"/>
    <kerning first="118" second="103" amount="-2"/>
    <kerning first="118" second="105" amount="-1"/>
    <kerning first="118" second="106" amount="-5"/>
    <kerning first="118" second="108" amount="-1"/>
    <kerning first="118" second="109" amount="-3"/>
    <kerning first="118" second="111" amount="-1"/>
    <kerning first="118" second="114" amount="-1"/>
    <kerning first="118" second="117" amount="-2"/>
    <kerning first="118" second="120" amount="-1"/>
    <kerning first="119" second="44" amount="-5"/>
    <kerning first="119" second="46" amount="-5"/>
    <kerning first="119" second="58" amount="-1"/>
    <kerning first="119" second="59" amount="-1"/>
    <kerning first="119" second="65" amount="-2"/>
    <kerning first="119" second="67" amount="-1"/>
    <kerning first="119" second="68" amount="-1"/>
    <kerning first="119" second="71" amount="-2"/>
    <kerning first="119" second="74" amount="-2"/>
    <kerning first="119" second="77" amount="-2"/>
    <kerning first="119" second="82" amount="-2"/>
    <kerning first="119" second="97" amount="-2"/>
    <kerning first="119" second="99" amount="-1"/>
    <kerning first="119" second="100" amount="-1"/>
    <kerning first="119" second="103" amount="-2"/>
    <kerning first="119" second="106" amount="-2"/>
    <kerning first="119" second="109" amount="-2"/>
    <kerning first="119" second="111" amount="-1"/>
    <kerning first="119" second="114" amount="-2"/>
    <kerning first="119" second="117" amount="-1"/>
    <kerning first="120" second="67" amount="-3"/>
    <kerning first="120" second="79" amount="-1"/>
    <kerning first="120" second="81" amount="-2"/>
    <kerning first="120" second="82" amount="-3"/>
    <kerning first="120" second="89" amount="-2"/>
    <kerning first="120" second="99" amount="-3"/>
    <kerning first="120" second="111" amount="-1"/>
    <kerning first="120" second="113" amount="-2"/>
    <kerning first="120" second="114" amount="-3"/>
    <kerning first="120" second="121" amount="-2"/>
    <kerning first="121" second="44" amount="-10"/>
    <kerning first="121" second="45" amount="-8"/>
    <kerning first="121" second="46" amount="-10"/>
    <kerning first="121" second="58" amount="-6"/>
    <kerning first="121" second="59" amount="-6"/>
    <kerning first="121" second="65" amount="-6"/>
    <kerning first="121" second="66" amount="-3"/>
    <kerning first="121" second="68" amount="-2"/>
    <kerning first="121" second="71" amount="-2"/>
    <kerning first="121" second="74" amount="-5"/>
    <kerning first="121" second="77" amount="-2"/>
    <kerning first="121" second="82" amount="-1"/>
    <kerning first="121" second="97" amount="-6"/>
    <kerning first="121" second="98" amount="-3"/>
    <kerning first="121" second="100" amount="-2"/>
    <kerning first="121" second="103" amount="-2"/>
    <kerning first="121" second="105" amount="-3"/>
    <kerning first="121" second="106" amount="-5"/>
    <kerning first="121" second="109" amount="-2"/>
    <kerning first="121" second="111" amount="-2"/>
    <kerning first="121" second="112" amount="-5"/>
    <kerning first="121" second="113" amount="-6"/>
    <kerning first="121" second="114" amount="-1"/>
    <kerning first="121" second="118" amount="1"/>
    <kerning first="122" second="97" amount="1"/>
    <kerning first="122" second="103" amount="-1"/>
    <kerning first="122" second="111" amount="-1"/>
    <kerning first="122" second="118" amount="1"/>
  </kernings>
</font>