<font>
  <info face="xsmall_grey_bold" size="40" bold="1" italic="0" charset="" unicode="" stretchH="100" smooth="1" aa="1" padding="2,2,2,2" spacing="0,0" outline="0"/>
  <common lineHeight="40" base="37" scaleW="256" scaleH="512" pages="1" packed="0"/>
  <pages>
    <page id="0" file="xsmall_grey_bold.png"/>
  </pages>
  <chars count="90">
    <char id="97" x="2" y="2" width="26" height="30" xoffset="1" yoffset="7" xadvance="28" page="0" chnl="15"/>
    <char id="98" x="2" y="34" width="25" height="31" xoffset="1" yoffset="6" xadvance="28" page="0" chnl="15"/>
    <char id="99" x="2" y="67" width="27" height="30" xoffset="2" yoffset="7" xadvance="31" page="0" chnl="15"/>
    <char id="100" x="29" y="34" width="27" height="30" xoffset="2" yoffset="7" xadvance="31" page="0" chnl="15"/>
    <char id="101" x="2" y="99" width="23" height="31" xoffset="2" yoffset="7" xadvance="28" page="0" chnl="15"/>
    <char id="102" x="30" y="2" width="23" height="30" xoffset="2" yoffset="7" xadvance="26" page="0" chnl="15"/>
    <char id="103" x="2" y="132" width="27" height="31" xoffset="1" yoffset="6" xadvance="31" page="0" chnl="15"/>
    <char id="104" x="27" y="99" width="25" height="31" xoffset="3" yoffset="6" xadvance="31" page="0" chnl="15"/>
    <char id="105" x="55" y="2" width="7" height="30" xoffset="3" yoffset="7" xadvance="12" page="0" chnl="15"/>
    <char id="106" x="31" y="66" width="20" height="31" xoffset="0" yoffset="6" xadvance="22" page="0" chnl="15"/>
    <char id="107" x="53" y="66" width="24" height="31" xoffset="3" yoffset="6" xadvance="27" page="0" chnl="15"/>
    <char id="108" x="64" y="2" width="21" height="31" xoffset="2" yoffset="6" xadvance="25" page="0" chnl="15"/>
    <char id="109" x="2" y="165" width="31" height="31" xoffset="2" yoffset="7" xadvance="36" page="0" chnl="15"/>
    <char id="110" x="31" y="132" width="25" height="31" xoffset="3" yoffset="6" xadvance="31" page="0" chnl="15"/>
    <char id="111" x="54" y="99" width="30" height="31" xoffset="1" yoffset="6" xadvance="32" page="0" chnl="15"/>
    <char id="112" x="79" y="35" width="25" height="31" xoffset="2" yoffset="6" xadvance="28" page="0" chnl="15"/>
    <char id="113" x="2" y="198" width="30" height="32" xoffset="1" yoffset="6" xadvance="32" page="0" chnl="15"/>
    <char id="114" x="87" y="2" width="25" height="31" xoffset="3" yoffset="6" xadvance="29" page="0" chnl="15"/>
    <char id="115" x="2" y="232" width="24" height="30" xoffset="1" yoffset="7" xadvance="27" page="0" chnl="15"/>
    <char id="116" x="2" y="264" width="24" height="31" xoffset="1" yoffset="6" xadvance="26" page="0" chnl="15"/>
    <char id="117" x="2" y="297" width="25" height="30" xoffset="2" yoffset="7" xadvance="30" page="0" chnl="15"/>
    <char id="118" x="28" y="232" width="25" height="30" xoffset="0" yoffset="7" xadvance="27" page="0" chnl="15"/>
    <char id="119" x="28" y="264" width="36" height="31" xoffset="1" yoffset="6" xadvance="39" page="0" chnl="15"/>
    <char id="120" x="34" y="198" width="26" height="31" xoffset="1" yoffset="6" xadvance="27" page="0" chnl="15"/>
    <char id="121" x="55" y="231" width="24" height="31" xoffset="1" yoffset="6" xadvance="27" page="0" chnl="15"/>
    <char id="122" x="79" y="68" width="24" height="29" xoffset="1" yoffset="7" xadvance="26" page="0" chnl="15"/>
    <char id="65" x="35" y="165" width="26" height="30" xoffset="1" yoffset="7" xadvance="28" page="0" chnl="15"/>
    <char id="66" x="58" y="132" width="25" height="31" xoffset="1" yoffset="6" xadvance="28" page="0" chnl="15"/>
    <char id="67" x="62" y="197" width="27" height="30" xoffset="2" yoffset="7" xadvance="31" page="0" chnl="15"/>
    <char id="68" x="63" y="165" width="27" height="30" xoffset="2" yoffset="7" xadvance="31" page="0" chnl="15"/>
    <char id="69" x="85" y="132" width="23" height="31" xoffset="2" yoffset="7" xadvance="28" page="0" chnl="15"/>
    <char id="70" x="86" y="99" width="23" height="30" xoffset="2" yoffset="7" xadvance="26" page="0" chnl="15"/>
    <char id="71" x="106" y="35" width="27" height="31" xoffset="1" yoffset="6" xadvance="31" page="0" chnl="15"/>
    <char id="72" x="114" y="2" width="25" height="31" xoffset="3" yoffset="6" xadvance="31" page="0" chnl="15"/>
    <char id="73" x="2" y="329" width="7" height="30" xoffset="3" yoffset="7" xadvance="12" page="0" chnl="15"/>
    <char id="74" x="2" y="361" width="20" height="31" xoffset="0" yoffset="6" xadvance="22" page="0" chnl="15"/>
    <char id="75" x="2" y="394" width="24" height="31" xoffset="3" yoffset="6" xadvance="27" page="0" chnl="15"/>
    <char id="76" x="24" y="329" width="21" height="31" xoffset="2" yoffset="6" xadvance="25" page="0" chnl="15"/>
    <char id="77" x="2" y="427" width="31" height="31" xoffset="2" yoffset="7" xadvance="35" page="0" chnl="15"/>
    <char id="78" x="2" y="460" width="25" height="31" xoffset="3" yoffset="6" xadvance="31" page="0" chnl="15"/>
    <char id="79" x="29" y="460" width="30" height="31" xoffset="1" yoffset="6" xadvance="32" page="0" chnl="15"/>
    <char id="80" x="28" y="362" width="25" height="31" xoffset="2" yoffset="6" xadvance="28" page="0" chnl="15"/>
    <char id="81" x="47" y="297" width="30" height="32" xoffset="1" yoffset="6" xadvance="32" page="0" chnl="15"/>
    <char id="82" x="66" y="264" width="25" height="31" xoffset="3" yoffset="6" xadvance="29" page="0" chnl="15"/>
    <char id="83" x="28" y="395" width="24" height="30" xoffset="1" yoffset="7" xadvance="27" page="0" chnl="15"/>
    <char id="84" x="35" y="427" width="24" height="31" xoffset="1" yoffset="6" xadvance="26" page="0" chnl="15"/>
    <char id="85" x="54" y="395" width="25" height="30" xoffset="2" yoffset="7" xadvance="30" page="0" chnl="15"/>
    <char id="86" x="81" y="229" width="25" height="30" xoffset="0" yoffset="7" xadvance="27" page="0" chnl="15"/>
    <char id="87" x="92" y="165" width="36" height="31" xoffset="1" yoffset="6" xadvance="39" page="0" chnl="15"/>
    <char id="88" x="110" y="131" width="26" height="31" xoffset="1" yoffset="6" xadvance="27" page="0" chnl="15"/>
    <char id="89" x="111" y="68" width="24" height="31" xoffset="1" yoffset="6" xadvance="27" page="0" chnl="15"/>
    <char id="90" x="91" y="198" width="24" height="29" xoffset="1" yoffset="7" xadvance="26" page="0" chnl="15"/>
    <char id="33" x="135" y="35" width="9" height="31" xoffset="1" yoffset="6" xadvance="12" page="0" chnl="15"/>
    <char id="8470" x="141" y="2" width="27" height="31" xoffset="3" yoffset="6" xadvance="32" page="0" chnl="15"/>
    <char id="59" x="11" y="329" width="8" height="30" xoffset="1" yoffset="13" xadvance="11" page="0" chnl="15"/>
    <char id="37" x="137" y="68" width="33" height="31" xoffset="2" yoffset="7" xadvance="36" page="0" chnl="15"/>
    <char id="58" x="111" y="101" width="8" height="24" xoffset="1" yoffset="13" xadvance="11" page="0" chnl="15"/>
    <char id="63" x="146" y="35" width="20" height="31" xoffset="1" yoffset="6" xadvance="23" page="0" chnl="15"/>
    <char id="42" x="2" y="493" width="17" height="16" xoffset="1" yoffset="6" xadvance="19" page="0" chnl="15"/>
    <char id="40" x="55" y="331" width="11" height="40" xoffset="2" yoffset="3" xadvance="14" page="0" chnl="15"/>
    <char id="41" x="68" y="331" width="11" height="40" xoffset="1" yoffset="3" xadvance="14" page="0" chnl="15"/>
    <char id="95" x="21" y="493" width="26" height="4" xoffset="-1" yoffset="39" xadvance="23" page="0" chnl="15"/>
    <char id="43" x="121" y="101" width="24" height="24" xoffset="1" yoffset="9" xadvance="26" page="0" chnl="15"/>
    <char id="45" x="29" y="297" width="12" height="7" xoffset="2" yoffset="18" xadvance="15" page="0" chnl="15"/>
    <char id="61" x="49" y="493" width="24" height="17" xoffset="1" yoffset="14" xadvance="26" page="0" chnl="15"/>
    <char id="46" x="21" y="499" width="8" height="7" xoffset="1" yoffset="30" xadvance="11" page="0" chnl="15"/>
    <char id="44" x="55" y="373" width="8" height="14" xoffset="1" yoffset="30" xadvance="11" page="0" chnl="15"/>
    <char id="47" x="170" y="2" width="17" height="35" xoffset="-1" yoffset="4" xadvance="15" page="0" chnl="15"/>
    <char id="124" x="61" y="427" width="7" height="41" xoffset="3" yoffset="1" xadvance="13" page="0" chnl="15"/>
    <char id="34" x="31" y="499" width="16" height="11" xoffset="1" yoffset="7" xadvance="18" page="0" chnl="15"/>
    <char id="39" x="29" y="306" width="8" height="11" xoffset="1" yoffset="7" xadvance="9" page="0" chnl="15"/>
    <char id="64" x="70" y="427" width="37" height="37" xoffset="3" yoffset="4" xadvance="44" page="0" chnl="15"/>
    <char id="35" x="79" y="297" width="28" height="30" xoffset="2" yoffset="6" xadvance="32" page="0" chnl="15"/>
    <char id="36" x="75" y="466" width="24" height="37" xoffset="2" yoffset="3" xadvance="27" page="0" chnl="15"/>
    <char id="94" x="58" y="35" width="19" height="18" xoffset="0" yoffset="8" xadvance="19" page="0" chnl="15"/>
    <char id="38" x="93" y="261" width="27" height="32" xoffset="2" yoffset="6" xadvance="30" page="0" chnl="15"/>
    <char id="123" x="101" y="466" width="15" height="44" xoffset="-1" yoffset="0" xadvance="14" page="0" chnl="15"/>
    <char id="125" x="117" y="198" width="15" height="44" xoffset="1" yoffset="0" xadvance="14" page="0" chnl="15"/>
    <char id="91" x="81" y="329" width="13" height="43" xoffset="2" yoffset="0" xadvance="15" page="0" chnl="15"/>
    <char id="93" x="81" y="374" width="13" height="43" xoffset="1" yoffset="0" xadvance="15" page="0" chnl="15"/>
    <char id="49" x="130" y="164" width="16" height="30" xoffset="2" yoffset="6" xadvance="19" page="0" chnl="15"/>
    <char id="50" x="138" y="127" width="23" height="30" xoffset="2" yoffset="7" xadvance="26" page="0" chnl="15"/>
    <char id="51" x="96" y="329" width="23" height="31" xoffset="1" yoffset="7" xadvance="25" page="0" chnl="15"/>
    <char id="52" x="109" y="295" width="23" height="31" xoffset="1" yoffset="6" xadvance="25" page="0" chnl="15"/>
    <char id="53" x="122" y="244" width="22" height="30" xoffset="2" yoffset="7" xadvance="25" page="0" chnl="15"/>
    <char id="54" x="134" y="196" width="23" height="31" xoffset="2" yoffset="7" xadvance="26" page="0" chnl="15"/>
    <char id="55" x="148" y="159" width="21" height="31" xoffset="0" yoffset="6" xadvance="21" page="0" chnl="15"/>
    <char id="56" x="163" y="101" width="24" height="30" xoffset="1" yoffset="7" xadvance="26" page="0" chnl="15"/>
    <char id="57" x="172" y="39" width="22" height="31" xoffset="2" yoffset="6" xadvance="25" page="0" chnl="15"/>
    <char id="48" x="189" y="2" width="25" height="31" xoffset="2" yoffset="7" xadvance="28" page="0" chnl="15"/>
    <char id="32" x="0" y="0" width="0" height="0" xoffset="2" yoffset="7" xadvance="11" page="0" chnl="15"/>
  </chars>
  <kernings count="552">
    <kerning first="65" second="65" amount="1"/>
    <kerning first="65" second="74" amount="1"/>
    <kerning first="65" second="82" amount="-1"/>
    <kerning first="65" second="84" amount="-4"/>
    <kerning first="65" second="86" amount="-2"/>
    <kerning first="65" second="87" amount="-1"/>
    <kerning first="65" second="89" amount="-3"/>
    <kerning first="65" second="90" amount="1"/>
    <kerning first="65" second="109" amount="1"/>
    <kerning first="65" second="112" amount="-2"/>
    <kerning first="65" second="114" amount="-1"/>
    <kerning first="65" second="116" amount="-4"/>
    <kerning first="65" second="117" amount="-1"/>
    <kerning first="65" second="118" amount="-2"/>
    <kerning first="65" second="119" amount="-1"/>
    <kerning first="65" second="120" amount="1"/>
    <kerning first="65" second="121" amount="-3"/>
    <kerning first="66" second="65" amount="-2"/>
    <kerning first="66" second="78" amount="-1"/>
    <kerning first="66" second="86" amount="-1"/>
    <kerning first="66" second="87" amount="-1"/>
    <kerning first="66" second="88" amount="-2"/>
    <kerning first="66" second="90" amount="-1"/>
    <kerning first="66" second="97" amount="-2"/>
    <kerning first="66" second="118" amount="-1"/>
    <kerning first="66" second="119" amount="-1"/>
    <kerning first="66" second="120" amount="-2"/>
    <kerning first="67" second="97" amount="-2"/>
    <kerning first="67" second="101" amount="0"/>
    <kerning first="67" second="113" amount="-2"/>
    <kerning first="67" second="117" amount="-1"/>
    <kerning first="68" second="65" amount="-2"/>
    <kerning first="68" second="74" amount="-1"/>
    <kerning first="68" second="81" amount="1"/>
    <kerning first="68" second="82" amount="-1"/>
    <kerning first="68" second="88" amount="-2"/>
    <kerning first="68" second="90" amount="-2"/>
    <kerning first="68" second="97" amount="-2"/>
    <kerning first="68" second="106" amount="-1"/>
    <kerning first="68" second="114" amount="-1"/>
    <kerning first="68" second="120" amount="-2"/>
    <kerning first="68" second="122" amount="-2"/>
    <kerning first="70" second="44" amount="-6"/>
    <kerning first="70" second="46" amount="-6"/>
    <kerning first="70" second="65" amount="-2"/>
    <kerning first="70" second="69" amount="-1"/>
    <kerning first="70" second="74" amount="-3"/>
    <kerning first="70" second="82" amount="-1"/>
    <kerning first="70" second="97" amount="-2"/>
    <kerning first="70" second="101" amount="-1"/>
    <kerning first="70" second="106" amount="-3"/>
    <kerning first="70" second="111" amount="-1"/>
    <kerning first="70" second="114" amount="-1"/>
    <kerning first="71" second="46" amount="-1"/>
    <kerning first="71" second="81" amount="1"/>
    <kerning first="71" second="82" amount="-1"/>
    <kerning first="71" second="88" amount="-1"/>
    <kerning first="71" second="114" amount="-1"/>
    <kerning first="71" second="120" amount="-1"/>
    <kerning first="74" second="44" amount="-1"/>
    <kerning first="74" second="46" amount="-1"/>
    <kerning first="74" second="65" amount="0"/>
    <kerning first="74" second="79" amount="1"/>
    <kerning first="75" second="65" amount="1"/>
    <kerning first="75" second="67" amount="-1"/>
    <kerning first="75" second="79" amount="-1"/>
    <kerning first="75" second="85" amount="-1"/>
    <kerning first="75" second="97" amount="1"/>
    <kerning first="75" second="99" amount="-1"/>
    <kerning first="75" second="111" amount="-1"/>
    <kerning first="75" second="117" amount="-1"/>
    <kerning first="76" second="66" amount="-1"/>
    <kerning first="76" second="67" amount="-1"/>
    <kerning first="76" second="68" amount="-1"/>
    <kerning first="76" second="69" amount="-2"/>
    <kerning first="76" second="70" amount="-1"/>
    <kerning first="76" second="71" amount="-1"/>
    <kerning first="76" second="75" amount="-2"/>
    <kerning first="76" second="79" amount="-1"/>
    <kerning first="76" second="81" amount="-1"/>
    <kerning first="76" second="82" amount="-2"/>
    <kerning first="76" second="84" amount="-4"/>
    <kerning first="76" second="85" amount="-2"/>
    <kerning first="76" second="86" amount="-3"/>
    <kerning first="76" second="87" amount="-4"/>
    <kerning first="76" second="89" amount="-4"/>
    <kerning first="76" second="98" amount="-1"/>
    <kerning first="76" second="99" amount="-1"/>
    <kerning first="76" second="100" amount="-1"/>
    <kerning first="76" second="101" amount="-2"/>
    <kerning first="76" second="102" amount="-1"/>
    <kerning first="76" second="103" amount="-1"/>
    <kerning first="76" second="107" amount="-2"/>
    <kerning first="76" second="111" amount="-2"/>
    <kerning first="76" second="113" amount="-1"/>
    <kerning first="76" second="114" amount="-2"/>
    <kerning first="76" second="116" amount="-4"/>
    <kerning first="76" second="117" amount="-2"/>
    <kerning first="76" second="118" amount="-3"/>
    <kerning first="76" second="119" amount="-4"/>
    <kerning first="76" second="121" amount="-4"/>
    <kerning first="77" second="112" amount="-1"/>
    <kerning first="79" second="44" amount="-1"/>
    <kerning first="79" second="46" amount="-1"/>
    <kerning first="79" second="67" amount="1"/>
    <kerning first="79" second="71" amount="1"/>
    <kerning first="79" second="79" amount="1"/>
    <kerning first="79" second="81" amount="1"/>
    <kerning first="79" second="84" amount="-1"/>
    <kerning first="79" second="88" amount="-1"/>
    <kerning first="79" second="90" amount="-1"/>
    <kerning first="79" second="111" amount="1"/>
    <kerning first="79" second="116" amount="-1"/>
    <kerning first="79" second="120" amount="-1"/>
    <kerning first="79" second="122" amount="-2"/>
    <kerning first="80" second="44" amount="-7"/>
    <kerning first="80" second="46" amount="-7"/>
    <kerning first="80" second="65" amount="-4"/>
    <kerning first="80" second="71" amount="-1"/>
    <kerning first="80" second="74" amount="-5"/>
    <kerning first="80" second="76" amount="-1"/>
    <kerning first="80" second="88" amount="-1"/>
    <kerning first="80" second="97" amount="-4"/>
    <kerning first="80" second="103" amount="-1"/>
    <kerning first="80" second="106" amount="-5"/>
    <kerning first="80" second="108" amount="-1"/>
    <kerning first="80" second="120" amount="-1"/>
    <kerning first="81" second="71" amount="1"/>
    <kerning first="81" second="79" amount="1"/>
    <kerning first="81" second="84" amount="-1"/>
    <kerning first="81" second="85" amount="1"/>
    <kerning first="81" second="116" amount="-1"/>
    <kerning first="82" second="65" amount="1"/>
    <kerning first="82" second="67" amount="-1"/>
    <kerning first="83" second="84" amount="-1"/>
    <kerning first="83" second="86" amount="-1"/>
    <kerning first="83" second="87" amount="-1"/>
    <kerning first="83" second="107" amount="1"/>
    <kerning first="83" second="111" amount="1"/>
    <kerning first="83" second="116" amount="-1"/>
    <kerning first="83" second="117" amount="1"/>
    <kerning first="83" second="118" amount="-1"/>
    <kerning first="83" second="119" amount="-1"/>
    <kerning first="84" second="44" amount="-4"/>
    <kerning first="84" second="45" amount="-5"/>
    <kerning first="84" second="46" amount="-4"/>
    <kerning first="84" second="58" amount="-4"/>
    <kerning first="84" second="59" amount="-4"/>
    <kerning first="84" second="65" amount="-4"/>
    <kerning first="84" second="67" amount="-3"/>
    <kerning first="84" second="68" amount="-1"/>
    <kerning first="84" second="69" amount="-1"/>
    <kerning first="84" second="71" amount="-2"/>
    <kerning first="84" second="72" amount="-1"/>
    <kerning first="84" second="73" amount="-1"/>
    <kerning first="84" second="74" amount="-4"/>
    <kerning first="84" second="76" amount="-1"/>
    <kerning first="84" second="77" amount="-2"/>
    <kerning first="84" second="78" amount="-1"/>
    <kerning first="84" second="79" amount="-3"/>
    <kerning first="84" second="80" amount="-1"/>
    <kerning first="84" second="81" amount="-2"/>
    <kerning first="84" second="82" amount="-2"/>
    <kerning first="84" second="83" amount="-1"/>
    <kerning first="84" second="85" amount="-1"/>
    <kerning first="84" second="89" amount="-1"/>
    <kerning first="84" second="90" amount="-1"/>
    <kerning first="84" second="97" amount="-4"/>
    <kerning first="84" second="99" amount="-3"/>
    <kerning first="84" second="100" amount="-1"/>
    <kerning first="84" second="101" amount="-1"/>
    <kerning first="84" second="103" amount="-2"/>
    <kerning first="84" second="104" amount="-1"/>
    <kerning first="84" second="105" amount="-1"/>
    <kerning first="84" second="106" amount="-4"/>
    <kerning first="84" second="108" amount="-1"/>
    <kerning first="84" second="109" amount="-2"/>
    <kerning first="84" second="110" amount="-1"/>
    <kerning first="84" second="111" amount="-3"/>
    <kerning first="84" second="112" amount="-1"/>
    <kerning first="84" second="113" amount="-2"/>
    <kerning first="84" second="114" amount="-2"/>
    <kerning first="84" second="115" amount="-1"/>
    <kerning first="84" second="117" amount="-2"/>
    <kerning first="84" second="119" amount="0"/>
    <kerning first="84" second="121" amount="-1"/>
    <kerning first="84" second="122" amount="-1"/>
    <kerning first="85" second="46" amount="-1"/>
    <kerning first="85" second="65" amount="-2"/>
    <kerning first="85" second="74" amount="-1"/>
    <kerning first="85" second="97" amount="-2"/>
    <kerning first="85" second="106" amount="-1"/>
    <kerning first="86" second="44" amount="-4"/>
    <kerning first="86" second="45" amount="-2"/>
    <kerning first="86" second="46" amount="-5"/>
    <kerning first="86" second="58" amount="-2"/>
    <kerning first="86" second="59" amount="-2"/>
    <kerning first="86" second="65" amount="-2"/>
    <kerning first="86" second="67" amount="-1"/>
    <kerning first="86" second="71" amount="-1"/>
    <kerning first="86" second="74" amount="-3"/>
    <kerning first="86" second="76" amount="-1"/>
    <kerning first="86" second="77" amount="-1"/>
    <kerning first="86" second="79" amount="-1"/>
    <kerning first="86" second="82" amount="-1"/>
    <kerning first="86" second="85" amount="-1"/>
    <kerning first="86" second="88" amount="-1"/>
    <kerning first="86" second="97" amount="-2"/>
    <kerning first="86" second="99" amount="-1"/>
    <kerning first="86" second="101" amount="-1"/>
    <kerning first="86" second="103" amount="-1"/>
    <kerning first="86" second="105" amount="-1"/>
    <kerning first="86" second="106" amount="-3"/>
    <kerning first="86" second="109" amount="-1"/>
    <kerning first="86" second="111" amount="-1"/>
    <kerning first="86" second="114" amount="-1"/>
    <kerning first="86" second="117" amount="-1"/>
    <kerning first="86" second="120" amount="-1"/>
    <kerning first="86" second="121" amount="-1"/>
    <kerning first="87" second="44" amount="-3"/>
    <kerning first="87" second="46" amount="-3"/>
    <kerning first="87" second="58" amount="-1"/>
    <kerning first="87" second="59" amount="-1"/>
    <kerning first="87" second="65" amount="-1"/>
    <kerning first="87" second="67" amount="-1"/>
    <kerning first="87" second="68" amount="-1"/>
    <kerning first="87" second="71" amount="-1"/>
    <kerning first="87" second="74" amount="-1"/>
    <kerning first="87" second="77" amount="-1"/>
    <kerning first="87" second="82" amount="-1"/>
    <kerning first="87" second="97" amount="-1"/>
    <kerning first="87" second="99" amount="-1"/>
    <kerning first="87" second="100" amount="-1"/>
    <kerning first="87" second="101" amount="-1"/>
    <kerning first="87" second="103" amount="-1"/>
    <kerning first="87" second="106" amount="-1"/>
    <kerning first="87" second="109" amount="-1"/>
    <kerning first="87" second="111" amount="0"/>
    <kerning first="87" second="114" amount="-1"/>
    <kerning first="87" second="117" amount="-1"/>
    <kerning first="88" second="65" amount="1"/>
    <kerning first="88" second="67" amount="-2"/>
    <kerning first="88" second="79" amount="-1"/>
    <kerning first="88" second="81" amount="-1"/>
    <kerning first="88" second="82" amount="-1"/>
    <kerning first="88" second="85" amount="-1"/>
    <kerning first="88" second="89" amount="-1"/>
    <kerning first="88" second="99" amount="-2"/>
    <kerning first="88" second="111" amount="-1"/>
    <kerning first="88" second="113" amount="-1"/>
    <kerning first="88" second="114" amount="-1"/>
    <kerning first="88" second="117" amount="-1"/>
    <kerning first="88" second="121" amount="-1"/>
    <kerning first="89" second="44" amount="-6"/>
    <kerning first="89" second="45" amount="-4"/>
    <kerning first="89" second="46" amount="-6"/>
    <kerning first="89" second="58" amount="-4"/>
    <kerning first="89" second="59" amount="-4"/>
    <kerning first="89" second="65" amount="-3"/>
    <kerning first="89" second="66" amount="-1"/>
    <kerning first="89" second="68" amount="-1"/>
    <kerning first="89" second="71" amount="-1"/>
    <kerning first="89" second="74" amount="-3"/>
    <kerning first="89" second="77" amount="-1"/>
    <kerning first="89" second="82" amount="-1"/>
    <kerning first="89" second="97" amount="-3"/>
    <kerning first="89" second="98" amount="-1"/>
    <kerning first="89" second="100" amount="-1"/>
    <kerning first="89" second="101" amount="-1"/>
    <kerning first="89" second="103" amount="-1"/>
    <kerning first="89" second="105" amount="-1"/>
    <kerning first="89" second="106" amount="-3"/>
    <kerning first="89" second="109" amount="-1"/>
    <kerning first="89" second="111" amount="-1"/>
    <kerning first="89" second="112" amount="-3"/>
    <kerning first="89" second="113" amount="-4"/>
    <kerning first="89" second="114" amount="-1"/>
    <kerning first="89" second="118" amount="1"/>
    <kerning first="89" second="122" amount="-1"/>
    <kerning first="90" second="65" amount="1"/>
    <kerning first="90" second="71" amount="-1"/>
    <kerning first="90" second="79" amount="-1"/>
    <kerning first="90" second="103" amount="-1"/>
    <kerning first="90" second="111" amount="-1"/>
    <kerning first="97" second="65" amount="1"/>
    <kerning first="97" second="82" amount="-1"/>
    <kerning first="97" second="84" amount="-4"/>
    <kerning first="97" second="86" amount="-2"/>
    <kerning first="97" second="87" amount="-1"/>
    <kerning first="97" second="89" amount="-2"/>
    <kerning first="97" second="97" amount="1"/>
    <kerning first="97" second="106" amount="1"/>
    <kerning first="97" second="112" amount="-2"/>
    <kerning first="97" second="114" amount="-1"/>
    <kerning first="97" second="116" amount="-4"/>
    <kerning first="97" second="117" amount="-1"/>
    <kerning first="97" second="118" amount="-2"/>
    <kerning first="97" second="119" amount="-1"/>
    <kerning first="97" second="120" amount="1"/>
    <kerning first="97" second="121" amount="-2"/>
    <kerning first="97" second="122" amount="1"/>
    <kerning first="98" second="65" amount="-2"/>
    <kerning first="98" second="86" amount="-1"/>
    <kerning first="98" second="87" amount="-1"/>
    <kerning first="98" second="88" amount="-2"/>
    <kerning first="98" second="97" amount="-2"/>
    <kerning first="98" second="110" amount="-1"/>
    <kerning first="98" second="118" amount="-1"/>
    <kerning first="98" second="119" amount="-1"/>
    <kerning first="98" second="120" amount="-2"/>
    <kerning first="98" second="122" amount="-1"/>
    <kerning first="99" second="101" amount="0"/>
    <kerning first="99" second="111" amount="-1"/>
    <kerning first="99" second="113" amount="-2"/>
    <kerning first="99" second="117" amount="-1"/>
    <kerning first="100" second="65" amount="-2"/>
    <kerning first="100" second="74" amount="-1"/>
    <kerning first="100" second="82" amount="-1"/>
    <kerning first="100" second="88" amount="-2"/>
    <kerning first="100" second="90" amount="-2"/>
    <kerning first="100" second="97" amount="-2"/>
    <kerning first="100" second="106" amount="-1"/>
    <kerning first="100" second="108" amount="0"/>
    <kerning first="100" second="113" amount="1"/>
    <kerning first="100" second="114" amount="-1"/>
    <kerning first="100" second="120" amount="-2"/>
    <kerning first="100" second="122" amount="-2"/>
    <kerning first="102" second="44" amount="-6"/>
    <kerning first="102" second="46" amount="-6"/>
    <kerning first="102" second="65" amount="-2"/>
    <kerning first="102" second="69" amount="-1"/>
    <kerning first="102" second="74" amount="-3"/>
    <kerning first="102" second="82" amount="-1"/>
    <kerning first="102" second="97" amount="-2"/>
    <kerning first="102" second="101" amount="-1"/>
    <kerning first="102" second="106" amount="-3"/>
    <kerning first="102" second="111" amount="-1"/>
    <kerning first="102" second="114" amount="-1"/>
    <kerning first="103" second="46" amount="-1"/>
    <kerning first="103" second="82" amount="-1"/>
    <kerning first="103" second="88" amount="-1"/>
    <kerning first="103" second="100" amount="-1"/>
    <kerning first="103" second="114" amount="-1"/>
    <kerning first="103" second="120" amount="-1"/>
    <kerning first="106" second="44" amount="-1"/>
    <kerning first="106" second="46" amount="-1"/>
    <kerning first="106" second="97" amount="0"/>
    <kerning first="106" second="111" amount="1"/>
    <kerning first="107" second="67" amount="-1"/>
    <kerning first="107" second="79" amount="-1"/>
    <kerning first="107" second="85" amount="-1"/>
    <kerning first="107" second="97" amount="1"/>
    <kerning first="107" second="99" amount="-1"/>
    <kerning first="107" second="111" amount="-1"/>
    <kerning first="107" second="117" amount="-1"/>
    <kerning first="108" second="66" amount="-1"/>
    <kerning first="108" second="67" amount="-1"/>
    <kerning first="108" second="68" amount="-1"/>
    <kerning first="108" second="69" amount="-2"/>
    <kerning first="108" second="70" amount="-1"/>
    <kerning first="108" second="71" amount="-1"/>
    <kerning first="108" second="75" amount="-2"/>
    <kerning first="108" second="81" amount="-1"/>
    <kerning first="108" second="82" amount="-2"/>
    <kerning first="108" second="84" amount="-4"/>
    <kerning first="108" second="85" amount="-2"/>
    <kerning first="108" second="86" amount="-3"/>
    <kerning first="108" second="87" amount="-4"/>
    <kerning first="108" second="89" amount="-4"/>
    <kerning first="108" second="98" amount="-1"/>
    <kerning first="108" second="99" amount="-1"/>
    <kerning first="108" second="100" amount="-1"/>
    <kerning first="108" second="101" amount="-2"/>
    <kerning first="108" second="102" amount="-1"/>
    <kerning first="108" second="103" amount="-1"/>
    <kerning first="108" second="107" amount="-2"/>
    <kerning first="108" second="110" amount="-1"/>
    <kerning first="108" second="111" amount="-1"/>
    <kerning first="108" second="113" amount="-1"/>
    <kerning first="108" second="114" amount="-2"/>
    <kerning first="108" second="116" amount="-4"/>
    <kerning first="108" second="117" amount="-2"/>
    <kerning first="108" second="118" amount="-3"/>
    <kerning first="108" second="119" amount="-4"/>
    <kerning first="108" second="121" amount="-4"/>
    <kerning first="109" second="65" amount="1"/>
    <kerning first="111" second="44" amount="-1"/>
    <kerning first="111" second="46" amount="-1"/>
    <kerning first="111" second="84" amount="-1"/>
    <kerning first="111" second="88" amount="-1"/>
    <kerning first="111" second="90" amount="-1"/>
    <kerning first="111" second="111" amount="1"/>
    <kerning first="111" second="113" amount="1"/>
    <kerning first="111" second="116" amount="-1"/>
    <kerning first="111" second="120" amount="-1"/>
    <kerning first="111" second="122" amount="-1"/>
    <kerning first="112" second="44" amount="-7"/>
    <kerning first="112" second="46" amount="-7"/>
    <kerning first="112" second="65" amount="-4"/>
    <kerning first="112" second="71" amount="-1"/>
    <kerning first="112" second="74" amount="-5"/>
    <kerning first="112" second="76" amount="-1"/>
    <kerning first="112" second="88" amount="-1"/>
    <kerning first="112" second="97" amount="-4"/>
    <kerning first="112" second="103" amount="-1"/>
    <kerning first="112" second="106" amount="-5"/>
    <kerning first="112" second="108" amount="-1"/>
    <kerning first="112" second="120" amount="-1"/>
    <kerning first="113" second="84" amount="-1"/>
    <kerning first="113" second="111" amount="1"/>
    <kerning first="113" second="116" amount="-1"/>
    <kerning first="113" second="117" amount="1"/>
    <kerning first="114" second="97" amount="1"/>
    <kerning first="114" second="99" amount="-1"/>
    <kerning first="115" second="86" amount="-1"/>
    <kerning first="115" second="87" amount="-1"/>
    <kerning first="115" second="107" amount="1"/>
    <kerning first="115" second="111" amount="1"/>
    <kerning first="115" second="116" amount="-1"/>
    <kerning first="115" second="118" amount="-1"/>
    <kerning first="115" second="119" amount="-1"/>
    <kerning first="116" second="44" amount="-4"/>
    <kerning first="116" second="45" amount="-5"/>
    <kerning first="116" second="46" amount="-4"/>
    <kerning first="116" second="58" amount="-4"/>
    <kerning first="116" second="59" amount="-4"/>
    <kerning first="116" second="65" amount="-4"/>
    <kerning first="116" second="67" amount="-3"/>
    <kerning first="116" second="68" amount="-1"/>
    <kerning first="116" second="69" amount="-1"/>
    <kerning first="116" second="71" amount="-2"/>
    <kerning first="116" second="72" amount="-1"/>
    <kerning first="116" second="74" amount="-4"/>
    <kerning first="116" second="76" amount="-1"/>
    <kerning first="116" second="77" amount="-2"/>
    <kerning first="116" second="78" amount="-1"/>
    <kerning first="116" second="79" amount="-3"/>
    <kerning first="116" second="80" amount="-1"/>
    <kerning first="116" second="81" amount="-2"/>
    <kerning first="116" second="82" amount="-2"/>
    <kerning first="116" second="83" amount="-1"/>
    <kerning first="116" second="89" amount="-1"/>
    <kerning first="116" second="90" amount="-1"/>
    <kerning first="116" second="97" amount="-4"/>
    <kerning first="116" second="99" amount="-3"/>
    <kerning first="116" second="100" amount="-1"/>
    <kerning first="116" second="101" amount="-1"/>
    <kerning first="116" second="103" amount="-2"/>
    <kerning first="116" second="104" amount="-1"/>
    <kerning first="116" second="106" amount="-4"/>
    <kerning first="116" second="108" amount="-1"/>
    <kerning first="116" second="109" amount="-2"/>
    <kerning first="116" second="110" amount="-1"/>
    <kerning first="116" second="111" amount="-3"/>
    <kerning first="116" second="112" amount="-1"/>
    <kerning first="116" second="113" amount="-2"/>
    <kerning first="116" second="114" amount="-2"/>
    <kerning first="116" second="115" amount="-1"/>
    <kerning first="116" second="117" amount="-1"/>
    <kerning first="116" second="119" amount="0"/>
    <kerning first="116" second="121" amount="-1"/>
    <kerning first="116" second="122" amount="-1"/>
    <kerning first="117" second="46" amount="-1"/>
    <kerning first="117" second="65" amount="-2"/>
    <kerning first="117" second="74" amount="-1"/>
    <kerning first="117" second="97" amount="-2"/>
    <kerning first="117" second="103" amount="1"/>
    <kerning first="117" second="106" amount="-1"/>
    <kerning first="118" second="44" amount="-4"/>
    <kerning first="118" second="45" amount="-2"/>
    <kerning first="118" second="46" amount="-5"/>
    <kerning first="118" second="58" amount="-2"/>
    <kerning first="118" second="59" amount="-2"/>
    <kerning first="118" second="65" amount="-2"/>
    <kerning first="118" second="67" amount="-1"/>
    <kerning first="118" second="69" amount="-1"/>
    <kerning first="118" second="71" amount="-1"/>
    <kerning first="118" second="74" amount="-3"/>
    <kerning first="118" second="77" amount="-1"/>
    <kerning first="118" second="79" amount="-1"/>
    <kerning first="118" second="82" amount="-1"/>
    <kerning first="118" second="85" amount="-1"/>
    <kerning first="118" second="88" amount="-1"/>
    <kerning first="118" second="97" amount="-2"/>
    <kerning first="118" second="99" amount="-1"/>
    <kerning first="118" second="103" amount="-1"/>
    <kerning first="118" second="105" amount="-1"/>
    <kerning first="118" second="106" amount="-3"/>
    <kerning first="118" second="108" amount="-1"/>
    <kerning first="118" second="109" amount="-1"/>
    <kerning first="118" second="111" amount="-1"/>
    <kerning first="118" second="114" amount="-1"/>
    <kerning first="118" second="117" amount="-1"/>
    <kerning first="118" second="120" amount="-1"/>
    <kerning first="119" second="44" amount="-3"/>
    <kerning first="119" second="46" amount="-3"/>
    <kerning first="119" second="58" amount="-1"/>
    <kerning first="119" second="59" amount="-1"/>
    <kerning first="119" second="65" amount="-1"/>
    <kerning first="119" second="67" amount="-1"/>
    <kerning first="119" second="68" amount="-1"/>
    <kerning first="119" second="71" amount="-1"/>
    <kerning first="119" second="74" amount="-1"/>
    <kerning first="119" second="77" amount="-1"/>
    <kerning first="119" second="82" amount="-1"/>
    <kerning first="119" second="97" amount="-1"/>
    <kerning first="119" second="99" amount="-1"/>
    <kerning first="119" second="100" amount="-1"/>
    <kerning first="119" second="103" amount="-1"/>
    <kerning first="119" second="106" amount="-1"/>
    <kerning first="119" second="109" amount="-1"/>
    <kerning first="119" second="111" amount="0"/>
    <kerning first="119" second="114" amount="-1"/>
    <kerning first="119" second="117" amount="-1"/>
    <kerning first="120" second="67" amount="-2"/>
    <kerning first="120" second="79" amount="-1"/>
    <kerning first="120" second="81" amount="-1"/>
    <kerning first="120" second="82" amount="-1"/>
    <kerning first="120" second="89" amount="-1"/>
    <kerning first="120" second="99" amount="-2"/>
    <kerning first="120" second="111" amount="-1"/>
    <kerning first="120" second="113" amount="-1"/>
    <kerning first="120" second="114" amount="-1"/>
    <kerning first="120" second="121" amount="-1"/>
    <kerning first="121" second="44" amount="-6"/>
    <kerning first="121" second="45" amount="-4"/>
    <kerning first="121" second="46" amount="-6"/>
    <kerning first="121" second="58" amount="-4"/>
    <kerning first="121" second="59" amount="-4"/>
    <kerning first="121" second="65" amount="-3"/>
    <kerning first="121" second="66" amount="-1"/>
    <kerning first="121" second="68" amount="-1"/>
    <kerning first="121" second="71" amount="-1"/>
    <kerning first="121" second="74" amount="-3"/>
    <kerning first="121" second="77" amount="-1"/>
    <kerning first="121" second="82" amount="-1"/>
    <kerning first="121" second="97" amount="-3"/>
    <kerning first="121" second="98" amount="-1"/>
    <kerning first="121" second="100" amount="-1"/>
    <kerning first="121" second="103" amount="-1"/>
    <kerning first="121" second="105" amount="-1"/>
    <kerning first="121" second="106" amount="-3"/>
    <kerning first="121" second="109" amount="-1"/>
    <kerning first="121" second="111" amount="-1"/>
    <kerning first="121" second="112" amount="-3"/>
    <kerning first="121" second="113" amount="-4"/>
    <kerning first="121" second="114" amount="-1"/>
    <kerning first="121" second="118" amount="1"/>
    <kerning first="122" second="97" amount="1"/>
    <kerning first="122" second="103" amount="-1"/>
    <kerning first="122" second="111" amount="-1"/>
    <kerning first="122" second="118" amount="1"/>
  </kernings>
</font>